2025-05-11T03:29:31.167+05:30  INFO 41580 --- [JPArelation] [SpringApplicationShutdownHook] o.s.b.w.e.tomcat.GracefulShutdown        : Commencing graceful shutdown. Waiting for active requests to complete
2025-05-11T03:29:31.432+05:30  INFO 41580 --- [JPArelation] [tomcat-shutdown] o.s.b.w.e.tomcat.GracefulShutdown        : Graceful shutdown complete
2025-05-11T03:29:31.487+05:30  INFO 41580 --- [JPArelation] [SpringApplicationShutdownHook] j.LocalContainerEntityManagerFactoryBean : Closing JPA EntityManagerFactory for persistence unit 'default'
2025-05-11T03:29:31.617+05:30  INFO 41580 --- [JPArelation] [SpringApplicationShutdownHook] com.zaxxer.hikari.HikariDataSource       : HikariPool-1 - Shutdown initiated...
2025-05-11T03:29:31.652+05:30  INFO 41580 --- [JPArelation] [SpringApplicationShutdownHook] com.zaxxer.hikari.HikariDataSource       : HikariPool-1 - Shutdown completed.
2025-05-11T03:56:34.032+05:30  INFO 4496 --- [JPArelation] [main] c.J.JPArelation.JpArelationApplication   : Starting JpArelationApplication using Java 21.0.1 with PID 4496 (C:\Users\mnanra\OneDrive - Capgemini\Desktop\sb-ecom\JPArelation\target\classes started by mnanra in C:\Users\mnanra\OneDrive - Capgemini\Desktop\sb-ecom\JPArelation)
2025-05-11T03:56:34.036+05:30  INFO 4496 --- [JPArelation] [main] c.J.JPArelation.JpArelationApplication   : No active profile set, falling back to 1 default profile: "default"
2025-05-11T03:56:34.952+05:30  INFO 4496 --- [JPArelation] [main] .s.d.r.c.RepositoryConfigurationDelegate : Bootstrapping Spring Data JPA repositories in DEFAULT mode.
2025-05-11T03:56:35.054+05:30  INFO 4496 --- [JPArelation] [main] .s.d.r.c.RepositoryConfigurationDelegate : Finished Spring Data repository scanning in 87 ms. Found 4 JPA repository interfaces.
2025-05-11T03:56:35.797+05:30  INFO 4496 --- [JPArelation] [main] o.s.b.w.embedded.tomcat.TomcatWebServer  : Tomcat initialized with port 8080 (http)
2025-05-11T03:56:35.820+05:30  INFO 4496 --- [JPArelation] [main] o.apache.catalina.core.StandardService   : Starting service [Tomcat]
2025-05-11T03:56:35.821+05:30  INFO 4496 --- [JPArelation] [main] o.apache.catalina.core.StandardEngine    : Starting Servlet engine: [Apache Tomcat/10.1.40]
2025-05-11T03:56:35.929+05:30  INFO 4496 --- [JPArelation] [main] o.a.c.c.C.[Tomcat].[localhost].[/]       : Initializing Spring embedded WebApplicationContext
2025-05-11T03:56:35.929+05:30  INFO 4496 --- [JPArelation] [main] w.s.c.ServletWebServerApplicationContext : Root WebApplicationContext: initialization completed in 1817 ms
2025-05-11T03:56:36.204+05:30  INFO 4496 --- [JPArelation] [main] com.zaxxer.hikari.HikariDataSource       : HikariPool-1 - Starting...
2025-05-11T03:56:36.519+05:30  INFO 4496 --- [JPArelation] [main] com.zaxxer.hikari.pool.HikariPool        : HikariPool-1 - Added connection conn0: url=jdbc:h2:mem:test user=SA
2025-05-11T03:56:36.522+05:30  INFO 4496 --- [JPArelation] [main] com.zaxxer.hikari.HikariDataSource       : HikariPool-1 - Start completed.
2025-05-11T03:56:36.605+05:30  INFO 4496 --- [JPArelation] [main] o.hibernate.jpa.internal.util.LogHelper  : HHH000204: Processing PersistenceUnitInfo [name: default]
2025-05-11T03:56:36.709+05:30  INFO 4496 --- [JPArelation] [main] org.hibernate.Version                    : HHH000412: Hibernate ORM core version 6.6.13.Final
2025-05-11T03:56:36.774+05:30  INFO 4496 --- [JPArelation] [main] o.h.c.internal.RegionFactoryInitiator    : HHH000026: Second-level cache disabled
2025-05-11T03:56:37.205+05:30  INFO 4496 --- [JPArelation] [main] o.s.o.j.p.SpringPersistenceUnitInfo      : No LoadTimeWeaver setup: ignoring JPA class transformer
2025-05-11T03:56:37.327+05:30  INFO 4496 --- [JPArelation] [main] org.hibernate.orm.connections.pooling    : HHH10001005: Database info:
	Database JDBC URL [Connecting through datasource 'HikariDataSource (HikariPool-1)']
	Database driver: undefined/unknown
	Database version: 2.3.232
	Autocommit mode: undefined/unknown
	Isolation level: undefined/unknown
	Minimum pool size: undefined/unknown
	Maximum pool size: undefined/unknown
2025-05-11T03:56:37.630+05:30 ERROR 4496 --- [JPArelation] [main] j.LocalContainerEntityManagerFactoryBean : Failed to initialize JPA EntityManagerFactory: Association 'com.JPA.JPArelation.models.SocialProfile.user' is 'mappedBy' a property named 'socialProfile' which does not exist in the target entity type 'com.JPA.JPArelation.models.SocialUser'
2025-05-11T03:56:37.631+05:30  WARN 4496 --- [JPArelation] [main] ConfigServletWebServerApplicationContext : Exception encountered during context initialization - cancelling refresh attempt: org.springframework.beans.factory.BeanCreationException: Error creating bean with name 'entityManagerFactory' defined in class path resource [org/springframework/boot/autoconfigure/orm/jpa/HibernateJpaConfiguration.class]: Association 'com.JPA.JPArelation.models.SocialProfile.user' is 'mappedBy' a property named 'socialProfile' which does not exist in the target entity type 'com.JPA.JPArelation.models.SocialUser'
2025-05-11T03:56:37.631+05:30  INFO 4496 --- [JPArelation] [main] com.zaxxer.hikari.HikariDataSource       : HikariPool-1 - Shutdown initiated...
2025-05-11T03:56:37.633+05:30  INFO 4496 --- [JPArelation] [main] com.zaxxer.hikari.HikariDataSource       : HikariPool-1 - Shutdown completed.
2025-05-11T03:56:37.638+05:30  INFO 4496 --- [JPArelation] [main] o.apache.catalina.core.StandardService   : Stopping service [Tomcat]
2025-05-11T03:56:37.650+05:30  INFO 4496 --- [JPArelation] [main] .s.b.a.l.ConditionEvaluationReportLogger : 

Error starting ApplicationContext. To display the condition evaluation report re-run your application with 'debug' enabled.
2025-05-11T03:56:37.670+05:30 ERROR 4496 --- [JPArelation] [main] o.s.boot.SpringApplication               : Application run failed

org.springframework.beans.factory.BeanCreationException: Error creating bean with name 'entityManagerFactory' defined in class path resource [org/springframework/boot/autoconfigure/orm/jpa/HibernateJpaConfiguration.class]: Association 'com.JPA.JPArelation.models.SocialProfile.user' is 'mappedBy' a property named 'socialProfile' which does not exist in the target entity type 'com.JPA.JPArelation.models.SocialUser'
	at org.springframework.beans.factory.support.AbstractAutowireCapableBeanFactory.initializeBean(AbstractAutowireCapableBeanFactory.java:1818) ~[spring-beans-6.2.6.jar:6.2.6]
	at org.springframework.beans.factory.support.AbstractAutowireCapableBeanFactory.doCreateBean(AbstractAutowireCapableBeanFactory.java:607) ~[spring-beans-6.2.6.jar:6.2.6]
	at org.springframework.beans.factory.support.AbstractAutowireCapableBeanFactory.createBean(AbstractAutowireCapableBeanFactory.java:529) ~[spring-beans-6.2.6.jar:6.2.6]
	at org.springframework.beans.factory.support.AbstractBeanFactory.lambda$doGetBean$0(AbstractBeanFactory.java:339) ~[spring-beans-6.2.6.jar:6.2.6]
	at org.springframework.beans.factory.support.DefaultSingletonBeanRegistry.getSingleton(DefaultSingletonBeanRegistry.java:371) ~[spring-beans-6.2.6.jar:6.2.6]
	at org.springframework.beans.factory.support.AbstractBeanFactory.doGetBean(AbstractBeanFactory.java:337) ~[spring-beans-6.2.6.jar:6.2.6]
	at org.springframework.beans.factory.support.AbstractBeanFactory.getBean(AbstractBeanFactory.java:207) ~[spring-beans-6.2.6.jar:6.2.6]
	at org.springframework.context.support.AbstractApplicationContext.finishBeanFactoryInitialization(AbstractApplicationContext.java:970) ~[spring-context-6.2.6.jar:6.2.6]
	at org.springframework.context.support.AbstractApplicationContext.refresh(AbstractApplicationContext.java:627) ~[spring-context-6.2.6.jar:6.2.6]
	at org.springframework.boot.web.servlet.context.ServletWebServerApplicationContext.refresh(ServletWebServerApplicationContext.java:146) ~[spring-boot-3.4.5.jar:3.4.5]
	at org.springframework.boot.SpringApplication.refresh(SpringApplication.java:753) ~[spring-boot-3.4.5.jar:3.4.5]
	at org.springframework.boot.SpringApplication.refreshContext(SpringApplication.java:439) ~[spring-boot-3.4.5.jar:3.4.5]
	at org.springframework.boot.SpringApplication.run(SpringApplication.java:318) ~[spring-boot-3.4.5.jar:3.4.5]
	at org.springframework.boot.SpringApplication.run(SpringApplication.java:1362) ~[spring-boot-3.4.5.jar:3.4.5]
	at org.springframework.boot.SpringApplication.run(SpringApplication.java:1351) ~[spring-boot-3.4.5.jar:3.4.5]
	at com.JPA.JPArelation.JpArelationApplication.main(JpArelationApplication.java:11) ~[classes/:na]
Caused by: org.hibernate.AnnotationException: Association 'com.JPA.JPArelation.models.SocialProfile.user' is 'mappedBy' a property named 'socialProfile' which does not exist in the target entity type 'com.JPA.JPArelation.models.SocialUser'
	at org.hibernate.boot.model.internal.OneToOneSecondPass.targetProperty(OneToOneSecondPass.java:240) ~[hibernate-core-6.6.13.Final.jar:6.6.13.Final]
	at org.hibernate.boot.model.internal.OneToOneSecondPass.bindUnowned(OneToOneSecondPass.java:149) ~[hibernate-core-6.6.13.Final.jar:6.6.13.Final]
	at org.hibernate.boot.model.internal.OneToOneSecondPass.doSecondPass(OneToOneSecondPass.java:128) ~[hibernate-core-6.6.13.Final.jar:6.6.13.Final]
	at org.hibernate.boot.internal.InFlightMetadataCollectorImpl.processSecondPasses(InFlightMetadataCollectorImpl.java:1842) ~[hibernate-core-6.6.13.Final.jar:6.6.13.Final]
	at org.hibernate.boot.internal.InFlightMetadataCollectorImpl.processSecondPasses(InFlightMetadataCollectorImpl.java:1800) ~[hibernate-core-6.6.13.Final.jar:6.6.13.Final]
	at org.hibernate.boot.model.process.spi.MetadataBuildingProcess.complete(MetadataBuildingProcess.java:334) ~[hibernate-core-6.6.13.Final.jar:6.6.13.Final]
	at org.hibernate.jpa.boot.internal.EntityManagerFactoryBuilderImpl.metadata(EntityManagerFactoryBuilderImpl.java:1442) ~[hibernate-core-6.6.13.Final.jar:6.6.13.Final]
	at org.hibernate.jpa.boot.internal.EntityManagerFactoryBuilderImpl.build(EntityManagerFactoryBuilderImpl.java:1513) ~[hibernate-core-6.6.13.Final.jar:6.6.13.Final]
	at org.springframework.orm.jpa.vendor.SpringHibernateJpaPersistenceProvider.createContainerEntityManagerFactory(SpringHibernateJpaPersistenceProvider.java:66) ~[spring-orm-6.2.6.jar:6.2.6]
	at org.springframework.orm.jpa.LocalContainerEntityManagerFactoryBean.createNativeEntityManagerFactory(LocalContainerEntityManagerFactoryBean.java:390) ~[spring-orm-6.2.6.jar:6.2.6]
	at org.springframework.orm.jpa.AbstractEntityManagerFactoryBean.buildNativeEntityManagerFactory(AbstractEntityManagerFactoryBean.java:419) ~[spring-orm-6.2.6.jar:6.2.6]
	at org.springframework.orm.jpa.AbstractEntityManagerFactoryBean.afterPropertiesSet(AbstractEntityManagerFactoryBean.java:400) ~[spring-orm-6.2.6.jar:6.2.6]
	at org.springframework.orm.jpa.LocalContainerEntityManagerFactoryBean.afterPropertiesSet(LocalContainerEntityManagerFactoryBean.java:366) ~[spring-orm-6.2.6.jar:6.2.6]
	at org.springframework.beans.factory.support.AbstractAutowireCapableBeanFactory.invokeInitMethods(AbstractAutowireCapableBeanFactory.java:1865) ~[spring-beans-6.2.6.jar:6.2.6]
	at org.springframework.beans.factory.support.AbstractAutowireCapableBeanFactory.initializeBean(AbstractAutowireCapableBeanFactory.java:1814) ~[spring-beans-6.2.6.jar:6.2.6]
	... 15 common frames omitted

2025-05-11T04:00:39.383+05:30  INFO 24616 --- [JPArelation] [main] c.J.JPArelation.JpArelationApplication   : Starting JpArelationApplication using Java 21.0.1 with PID 24616 (C:\Users\mnanra\OneDrive - Capgemini\Desktop\sb-ecom\JPArelation\target\classes started by mnanra in C:\Users\mnanra\OneDrive - Capgemini\Desktop\sb-ecom\JPArelation)
2025-05-11T04:00:39.388+05:30  INFO 24616 --- [JPArelation] [main] c.J.JPArelation.JpArelationApplication   : No active profile set, falling back to 1 default profile: "default"
2025-05-11T04:00:40.173+05:30  INFO 24616 --- [JPArelation] [main] .s.d.r.c.RepositoryConfigurationDelegate : Bootstrapping Spring Data JPA repositories in DEFAULT mode.
2025-05-11T04:00:40.255+05:30  INFO 24616 --- [JPArelation] [main] .s.d.r.c.RepositoryConfigurationDelegate : Finished Spring Data repository scanning in 71 ms. Found 4 JPA repository interfaces.
2025-05-11T04:00:40.866+05:30  INFO 24616 --- [JPArelation] [main] o.s.b.w.embedded.tomcat.TomcatWebServer  : Tomcat initialized with port 8080 (http)
2025-05-11T04:00:40.883+05:30  INFO 24616 --- [JPArelation] [main] o.apache.catalina.core.StandardService   : Starting service [Tomcat]
2025-05-11T04:00:40.884+05:30  INFO 24616 --- [JPArelation] [main] o.apache.catalina.core.StandardEngine    : Starting Servlet engine: [Apache Tomcat/10.1.40]
2025-05-11T04:00:40.958+05:30  INFO 24616 --- [JPArelation] [main] o.a.c.c.C.[Tomcat].[localhost].[/]       : Initializing Spring embedded WebApplicationContext
2025-05-11T04:00:40.959+05:30  INFO 24616 --- [JPArelation] [main] w.s.c.ServletWebServerApplicationContext : Root WebApplicationContext: initialization completed in 1507 ms
2025-05-11T04:00:41.150+05:30  INFO 24616 --- [JPArelation] [main] com.zaxxer.hikari.HikariDataSource       : HikariPool-1 - Starting...
2025-05-11T04:00:41.379+05:30  INFO 24616 --- [JPArelation] [main] com.zaxxer.hikari.pool.HikariPool        : HikariPool-1 - Added connection conn0: url=jdbc:h2:mem:test user=SA
2025-05-11T04:00:41.381+05:30  INFO 24616 --- [JPArelation] [main] com.zaxxer.hikari.HikariDataSource       : HikariPool-1 - Start completed.
2025-05-11T04:00:41.477+05:30  INFO 24616 --- [JPArelation] [main] o.hibernate.jpa.internal.util.LogHelper  : HHH000204: Processing PersistenceUnitInfo [name: default]
2025-05-11T04:00:41.568+05:30  INFO 24616 --- [JPArelation] [main] org.hibernate.Version                    : HHH000412: Hibernate ORM core version 6.6.13.Final
2025-05-11T04:00:41.613+05:30  INFO 24616 --- [JPArelation] [main] o.h.c.internal.RegionFactoryInitiator    : HHH000026: Second-level cache disabled
2025-05-11T04:00:41.980+05:30  INFO 24616 --- [JPArelation] [main] o.s.o.j.p.SpringPersistenceUnitInfo      : No LoadTimeWeaver setup: ignoring JPA class transformer
2025-05-11T04:00:42.083+05:30  INFO 24616 --- [JPArelation] [main] org.hibernate.orm.connections.pooling    : HHH10001005: Database info:
	Database JDBC URL [Connecting through datasource 'HikariDataSource (HikariPool-1)']
	Database driver: undefined/unknown
	Database version: 2.3.232
	Autocommit mode: undefined/unknown
	Isolation level: undefined/unknown
	Minimum pool size: undefined/unknown
	Maximum pool size: undefined/unknown
2025-05-11T04:00:42.326+05:30 ERROR 24616 --- [JPArelation] [main] j.LocalContainerEntityManagerFactoryBean : Failed to initialize JPA EntityManagerFactory: Association 'com.JPA.JPArelation.models.SocialProfile.user' is 'mappedBy' a property named 'socialProfile' which does not exist in the target entity type 'com.JPA.JPArelation.models.SocialUser'
2025-05-11T04:00:42.327+05:30  WARN 24616 --- [JPArelation] [main] ConfigServletWebServerApplicationContext : Exception encountered during context initialization - cancelling refresh attempt: org.springframework.beans.factory.BeanCreationException: Error creating bean with name 'entityManagerFactory' defined in class path resource [org/springframework/boot/autoconfigure/orm/jpa/HibernateJpaConfiguration.class]: Association 'com.JPA.JPArelation.models.SocialProfile.user' is 'mappedBy' a property named 'socialProfile' which does not exist in the target entity type 'com.JPA.JPArelation.models.SocialUser'
2025-05-11T04:00:42.328+05:30  INFO 24616 --- [JPArelation] [main] com.zaxxer.hikari.HikariDataSource       : HikariPool-1 - Shutdown initiated...
2025-05-11T04:00:42.330+05:30  INFO 24616 --- [JPArelation] [main] com.zaxxer.hikari.HikariDataSource       : HikariPool-1 - Shutdown completed.
2025-05-11T04:00:42.334+05:30  INFO 24616 --- [JPArelation] [main] o.apache.catalina.core.StandardService   : Stopping service [Tomcat]
2025-05-11T04:00:42.344+05:30  INFO 24616 --- [JPArelation] [main] .s.b.a.l.ConditionEvaluationReportLogger : 

Error starting ApplicationContext. To display the condition evaluation report re-run your application with 'debug' enabled.
2025-05-11T04:00:42.367+05:30 ERROR 24616 --- [JPArelation] [main] o.s.boot.SpringApplication               : Application run failed

org.springframework.beans.factory.BeanCreationException: Error creating bean with name 'entityManagerFactory' defined in class path resource [org/springframework/boot/autoconfigure/orm/jpa/HibernateJpaConfiguration.class]: Association 'com.JPA.JPArelation.models.SocialProfile.user' is 'mappedBy' a property named 'socialProfile' which does not exist in the target entity type 'com.JPA.JPArelation.models.SocialUser'
	at org.springframework.beans.factory.support.AbstractAutowireCapableBeanFactory.initializeBean(AbstractAutowireCapableBeanFactory.java:1818) ~[spring-beans-6.2.6.jar:6.2.6]
	at org.springframework.beans.factory.support.AbstractAutowireCapableBeanFactory.doCreateBean(AbstractAutowireCapableBeanFactory.java:607) ~[spring-beans-6.2.6.jar:6.2.6]
	at org.springframework.beans.factory.support.AbstractAutowireCapableBeanFactory.createBean(AbstractAutowireCapableBeanFactory.java:529) ~[spring-beans-6.2.6.jar:6.2.6]
	at org.springframework.beans.factory.support.AbstractBeanFactory.lambda$doGetBean$0(AbstractBeanFactory.java:339) ~[spring-beans-6.2.6.jar:6.2.6]
	at org.springframework.beans.factory.support.DefaultSingletonBeanRegistry.getSingleton(DefaultSingletonBeanRegistry.java:371) ~[spring-beans-6.2.6.jar:6.2.6]
	at org.springframework.beans.factory.support.AbstractBeanFactory.doGetBean(AbstractBeanFactory.java:337) ~[spring-beans-6.2.6.jar:6.2.6]
	at org.springframework.beans.factory.support.AbstractBeanFactory.getBean(AbstractBeanFactory.java:207) ~[spring-beans-6.2.6.jar:6.2.6]
	at org.springframework.context.support.AbstractApplicationContext.finishBeanFactoryInitialization(AbstractApplicationContext.java:970) ~[spring-context-6.2.6.jar:6.2.6]
	at org.springframework.context.support.AbstractApplicationContext.refresh(AbstractApplicationContext.java:627) ~[spring-context-6.2.6.jar:6.2.6]
	at org.springframework.boot.web.servlet.context.ServletWebServerApplicationContext.refresh(ServletWebServerApplicationContext.java:146) ~[spring-boot-3.4.5.jar:3.4.5]
	at org.springframework.boot.SpringApplication.refresh(SpringApplication.java:753) ~[spring-boot-3.4.5.jar:3.4.5]
	at org.springframework.boot.SpringApplication.refreshContext(SpringApplication.java:439) ~[spring-boot-3.4.5.jar:3.4.5]
	at org.springframework.boot.SpringApplication.run(SpringApplication.java:318) ~[spring-boot-3.4.5.jar:3.4.5]
	at org.springframework.boot.SpringApplication.run(SpringApplication.java:1362) ~[spring-boot-3.4.5.jar:3.4.5]
	at org.springframework.boot.SpringApplication.run(SpringApplication.java:1351) ~[spring-boot-3.4.5.jar:3.4.5]
	at com.JPA.JPArelation.JpArelationApplication.main(JpArelationApplication.java:11) ~[classes/:na]
Caused by: org.hibernate.AnnotationException: Association 'com.JPA.JPArelation.models.SocialProfile.user' is 'mappedBy' a property named 'socialProfile' which does not exist in the target entity type 'com.JPA.JPArelation.models.SocialUser'
	at org.hibernate.boot.model.internal.OneToOneSecondPass.targetProperty(OneToOneSecondPass.java:240) ~[hibernate-core-6.6.13.Final.jar:6.6.13.Final]
	at org.hibernate.boot.model.internal.OneToOneSecondPass.bindUnowned(OneToOneSecondPass.java:149) ~[hibernate-core-6.6.13.Final.jar:6.6.13.Final]
	at org.hibernate.boot.model.internal.OneToOneSecondPass.doSecondPass(OneToOneSecondPass.java:128) ~[hibernate-core-6.6.13.Final.jar:6.6.13.Final]
	at org.hibernate.boot.internal.InFlightMetadataCollectorImpl.processSecondPasses(InFlightMetadataCollectorImpl.java:1842) ~[hibernate-core-6.6.13.Final.jar:6.6.13.Final]
	at org.hibernate.boot.internal.InFlightMetadataCollectorImpl.processSecondPasses(InFlightMetadataCollectorImpl.java:1800) ~[hibernate-core-6.6.13.Final.jar:6.6.13.Final]
	at org.hibernate.boot.model.process.spi.MetadataBuildingProcess.complete(MetadataBuildingProcess.java:334) ~[hibernate-core-6.6.13.Final.jar:6.6.13.Final]
	at org.hibernate.jpa.boot.internal.EntityManagerFactoryBuilderImpl.metadata(EntityManagerFactoryBuilderImpl.java:1442) ~[hibernate-core-6.6.13.Final.jar:6.6.13.Final]
	at org.hibernate.jpa.boot.internal.EntityManagerFactoryBuilderImpl.build(EntityManagerFactoryBuilderImpl.java:1513) ~[hibernate-core-6.6.13.Final.jar:6.6.13.Final]
	at org.springframework.orm.jpa.vendor.SpringHibernateJpaPersistenceProvider.createContainerEntityManagerFactory(SpringHibernateJpaPersistenceProvider.java:66) ~[spring-orm-6.2.6.jar:6.2.6]
	at org.springframework.orm.jpa.LocalContainerEntityManagerFactoryBean.createNativeEntityManagerFactory(LocalContainerEntityManagerFactoryBean.java:390) ~[spring-orm-6.2.6.jar:6.2.6]
	at org.springframework.orm.jpa.AbstractEntityManagerFactoryBean.buildNativeEntityManagerFactory(AbstractEntityManagerFactoryBean.java:419) ~[spring-orm-6.2.6.jar:6.2.6]
	at org.springframework.orm.jpa.AbstractEntityManagerFactoryBean.afterPropertiesSet(AbstractEntityManagerFactoryBean.java:400) ~[spring-orm-6.2.6.jar:6.2.6]
	at org.springframework.orm.jpa.LocalContainerEntityManagerFactoryBean.afterPropertiesSet(LocalContainerEntityManagerFactoryBean.java:366) ~[spring-orm-6.2.6.jar:6.2.6]
	at org.springframework.beans.factory.support.AbstractAutowireCapableBeanFactory.invokeInitMethods(AbstractAutowireCapableBeanFactory.java:1865) ~[spring-beans-6.2.6.jar:6.2.6]
	at org.springframework.beans.factory.support.AbstractAutowireCapableBeanFactory.initializeBean(AbstractAutowireCapableBeanFactory.java:1814) ~[spring-beans-6.2.6.jar:6.2.6]
	... 15 common frames omitted

2025-05-11T04:11:33.812+05:30  INFO 23044 --- [JPArelation] [main] c.J.JPArelation.JpArelationApplication   : Starting JpArelationApplication using Java 21.0.1 with PID 23044 (C:\Users\mnanra\OneDrive - Capgemini\Desktop\sb-ecom\JPArelation\target\classes started by mnanra in C:\Users\mnanra\OneDrive - Capgemini\Desktop\sb-ecom\JPArelation)
2025-05-11T04:11:33.816+05:30  INFO 23044 --- [JPArelation] [main] c.J.JPArelation.JpArelationApplication   : No active profile set, falling back to 1 default profile: "default"
2025-05-11T04:11:34.709+05:30  INFO 23044 --- [JPArelation] [main] .s.d.r.c.RepositoryConfigurationDelegate : Bootstrapping Spring Data JPA repositories in DEFAULT mode.
2025-05-11T04:11:34.808+05:30  INFO 23044 --- [JPArelation] [main] .s.d.r.c.RepositoryConfigurationDelegate : Finished Spring Data repository scanning in 86 ms. Found 4 JPA repository interfaces.
2025-05-11T04:11:35.408+05:30  INFO 23044 --- [JPArelation] [main] o.s.b.w.embedded.tomcat.TomcatWebServer  : Tomcat initialized with port 8080 (http)
2025-05-11T04:11:35.426+05:30  INFO 23044 --- [JPArelation] [main] o.apache.catalina.core.StandardService   : Starting service [Tomcat]
2025-05-11T04:11:35.426+05:30  INFO 23044 --- [JPArelation] [main] o.apache.catalina.core.StandardEngine    : Starting Servlet engine: [Apache Tomcat/10.1.40]
2025-05-11T04:11:35.511+05:30  INFO 23044 --- [JPArelation] [main] o.a.c.c.C.[Tomcat].[localhost].[/]       : Initializing Spring embedded WebApplicationContext
2025-05-11T04:11:35.513+05:30  INFO 23044 --- [JPArelation] [main] w.s.c.ServletWebServerApplicationContext : Root WebApplicationContext: initialization completed in 1630 ms
2025-05-11T04:11:35.707+05:30  INFO 23044 --- [JPArelation] [main] com.zaxxer.hikari.HikariDataSource       : HikariPool-1 - Starting...
2025-05-11T04:11:35.944+05:30  INFO 23044 --- [JPArelation] [main] com.zaxxer.hikari.pool.HikariPool        : HikariPool-1 - Added connection conn0: url=jdbc:h2:mem:test user=SA
2025-05-11T04:11:35.946+05:30  INFO 23044 --- [JPArelation] [main] com.zaxxer.hikari.HikariDataSource       : HikariPool-1 - Start completed.
2025-05-11T04:11:36.026+05:30  INFO 23044 --- [JPArelation] [main] o.hibernate.jpa.internal.util.LogHelper  : HHH000204: Processing PersistenceUnitInfo [name: default]
2025-05-11T04:11:36.110+05:30  INFO 23044 --- [JPArelation] [main] org.hibernate.Version                    : HHH000412: Hibernate ORM core version 6.6.13.Final
2025-05-11T04:11:36.151+05:30  INFO 23044 --- [JPArelation] [main] o.h.c.internal.RegionFactoryInitiator    : HHH000026: Second-level cache disabled
2025-05-11T04:11:36.547+05:30  INFO 23044 --- [JPArelation] [main] o.s.o.j.p.SpringPersistenceUnitInfo      : No LoadTimeWeaver setup: ignoring JPA class transformer
2025-05-11T04:11:36.663+05:30  INFO 23044 --- [JPArelation] [main] org.hibernate.orm.connections.pooling    : HHH10001005: Database info:
	Database JDBC URL [Connecting through datasource 'HikariDataSource (HikariPool-1)']
	Database driver: undefined/unknown
	Database version: 2.3.232
	Autocommit mode: undefined/unknown
	Isolation level: undefined/unknown
	Minimum pool size: undefined/unknown
	Maximum pool size: undefined/unknown
2025-05-11T04:11:36.925+05:30 ERROR 23044 --- [JPArelation] [main] j.LocalContainerEntityManagerFactoryBean : Failed to initialize JPA EntityManagerFactory: Association 'com.JPA.JPArelation.models.SocialProfile.socialUser' is 'mappedBy' a property named 'socialProfile' which does not exist in the target entity type 'com.JPA.JPArelation.models.SocialUser'
2025-05-11T04:11:36.926+05:30  WARN 23044 --- [JPArelation] [main] ConfigServletWebServerApplicationContext : Exception encountered during context initialization - cancelling refresh attempt: org.springframework.beans.factory.BeanCreationException: Error creating bean with name 'entityManagerFactory' defined in class path resource [org/springframework/boot/autoconfigure/orm/jpa/HibernateJpaConfiguration.class]: Association 'com.JPA.JPArelation.models.SocialProfile.socialUser' is 'mappedBy' a property named 'socialProfile' which does not exist in the target entity type 'com.JPA.JPArelation.models.SocialUser'
2025-05-11T04:11:36.927+05:30  INFO 23044 --- [JPArelation] [main] com.zaxxer.hikari.HikariDataSource       : HikariPool-1 - Shutdown initiated...
2025-05-11T04:11:36.931+05:30  INFO 23044 --- [JPArelation] [main] com.zaxxer.hikari.HikariDataSource       : HikariPool-1 - Shutdown completed.
2025-05-11T04:11:36.933+05:30  INFO 23044 --- [JPArelation] [main] o.apache.catalina.core.StandardService   : Stopping service [Tomcat]
2025-05-11T04:11:36.945+05:30  INFO 23044 --- [JPArelation] [main] .s.b.a.l.ConditionEvaluationReportLogger : 

Error starting ApplicationContext. To display the condition evaluation report re-run your application with 'debug' enabled.
2025-05-11T04:11:36.964+05:30 ERROR 23044 --- [JPArelation] [main] o.s.boot.SpringApplication               : Application run failed

org.springframework.beans.factory.BeanCreationException: Error creating bean with name 'entityManagerFactory' defined in class path resource [org/springframework/boot/autoconfigure/orm/jpa/HibernateJpaConfiguration.class]: Association 'com.JPA.JPArelation.models.SocialProfile.socialUser' is 'mappedBy' a property named 'socialProfile' which does not exist in the target entity type 'com.JPA.JPArelation.models.SocialUser'
	at org.springframework.beans.factory.support.AbstractAutowireCapableBeanFactory.initializeBean(AbstractAutowireCapableBeanFactory.java:1818) ~[spring-beans-6.2.6.jar:6.2.6]
	at org.springframework.beans.factory.support.AbstractAutowireCapableBeanFactory.doCreateBean(AbstractAutowireCapableBeanFactory.java:607) ~[spring-beans-6.2.6.jar:6.2.6]
	at org.springframework.beans.factory.support.AbstractAutowireCapableBeanFactory.createBean(AbstractAutowireCapableBeanFactory.java:529) ~[spring-beans-6.2.6.jar:6.2.6]
	at org.springframework.beans.factory.support.AbstractBeanFactory.lambda$doGetBean$0(AbstractBeanFactory.java:339) ~[spring-beans-6.2.6.jar:6.2.6]
	at org.springframework.beans.factory.support.DefaultSingletonBeanRegistry.getSingleton(DefaultSingletonBeanRegistry.java:371) ~[spring-beans-6.2.6.jar:6.2.6]
	at org.springframework.beans.factory.support.AbstractBeanFactory.doGetBean(AbstractBeanFactory.java:337) ~[spring-beans-6.2.6.jar:6.2.6]
	at org.springframework.beans.factory.support.AbstractBeanFactory.getBean(AbstractBeanFactory.java:207) ~[spring-beans-6.2.6.jar:6.2.6]
	at org.springframework.context.support.AbstractApplicationContext.finishBeanFactoryInitialization(AbstractApplicationContext.java:970) ~[spring-context-6.2.6.jar:6.2.6]
	at org.springframework.context.support.AbstractApplicationContext.refresh(AbstractApplicationContext.java:627) ~[spring-context-6.2.6.jar:6.2.6]
	at org.springframework.boot.web.servlet.context.ServletWebServerApplicationContext.refresh(ServletWebServerApplicationContext.java:146) ~[spring-boot-3.4.5.jar:3.4.5]
	at org.springframework.boot.SpringApplication.refresh(SpringApplication.java:753) ~[spring-boot-3.4.5.jar:3.4.5]
	at org.springframework.boot.SpringApplication.refreshContext(SpringApplication.java:439) ~[spring-boot-3.4.5.jar:3.4.5]
	at org.springframework.boot.SpringApplication.run(SpringApplication.java:318) ~[spring-boot-3.4.5.jar:3.4.5]
	at org.springframework.boot.SpringApplication.run(SpringApplication.java:1362) ~[spring-boot-3.4.5.jar:3.4.5]
	at org.springframework.boot.SpringApplication.run(SpringApplication.java:1351) ~[spring-boot-3.4.5.jar:3.4.5]
	at com.JPA.JPArelation.JpArelationApplication.main(JpArelationApplication.java:11) ~[classes/:na]
Caused by: org.hibernate.AnnotationException: Association 'com.JPA.JPArelation.models.SocialProfile.socialUser' is 'mappedBy' a property named 'socialProfile' which does not exist in the target entity type 'com.JPA.JPArelation.models.SocialUser'
	at org.hibernate.boot.model.internal.OneToOneSecondPass.targetProperty(OneToOneSecondPass.java:240) ~[hibernate-core-6.6.13.Final.jar:6.6.13.Final]
	at org.hibernate.boot.model.internal.OneToOneSecondPass.bindUnowned(OneToOneSecondPass.java:149) ~[hibernate-core-6.6.13.Final.jar:6.6.13.Final]
	at org.hibernate.boot.model.internal.OneToOneSecondPass.doSecondPass(OneToOneSecondPass.java:128) ~[hibernate-core-6.6.13.Final.jar:6.6.13.Final]
	at org.hibernate.boot.internal.InFlightMetadataCollectorImpl.processSecondPasses(InFlightMetadataCollectorImpl.java:1842) ~[hibernate-core-6.6.13.Final.jar:6.6.13.Final]
	at org.hibernate.boot.internal.InFlightMetadataCollectorImpl.processSecondPasses(InFlightMetadataCollectorImpl.java:1800) ~[hibernate-core-6.6.13.Final.jar:6.6.13.Final]
	at org.hibernate.boot.model.process.spi.MetadataBuildingProcess.complete(MetadataBuildingProcess.java:334) ~[hibernate-core-6.6.13.Final.jar:6.6.13.Final]
	at org.hibernate.jpa.boot.internal.EntityManagerFactoryBuilderImpl.metadata(EntityManagerFactoryBuilderImpl.java:1442) ~[hibernate-core-6.6.13.Final.jar:6.6.13.Final]
	at org.hibernate.jpa.boot.internal.EntityManagerFactoryBuilderImpl.build(EntityManagerFactoryBuilderImpl.java:1513) ~[hibernate-core-6.6.13.Final.jar:6.6.13.Final]
	at org.springframework.orm.jpa.vendor.SpringHibernateJpaPersistenceProvider.createContainerEntityManagerFactory(SpringHibernateJpaPersistenceProvider.java:66) ~[spring-orm-6.2.6.jar:6.2.6]
	at org.springframework.orm.jpa.LocalContainerEntityManagerFactoryBean.createNativeEntityManagerFactory(LocalContainerEntityManagerFactoryBean.java:390) ~[spring-orm-6.2.6.jar:6.2.6]
	at org.springframework.orm.jpa.AbstractEntityManagerFactoryBean.buildNativeEntityManagerFactory(AbstractEntityManagerFactoryBean.java:419) ~[spring-orm-6.2.6.jar:6.2.6]
	at org.springframework.orm.jpa.AbstractEntityManagerFactoryBean.afterPropertiesSet(AbstractEntityManagerFactoryBean.java:400) ~[spring-orm-6.2.6.jar:6.2.6]
	at org.springframework.orm.jpa.LocalContainerEntityManagerFactoryBean.afterPropertiesSet(LocalContainerEntityManagerFactoryBean.java:366) ~[spring-orm-6.2.6.jar:6.2.6]
	at org.springframework.beans.factory.support.AbstractAutowireCapableBeanFactory.invokeInitMethods(AbstractAutowireCapableBeanFactory.java:1865) ~[spring-beans-6.2.6.jar:6.2.6]
	at org.springframework.beans.factory.support.AbstractAutowireCapableBeanFactory.initializeBean(AbstractAutowireCapableBeanFactory.java:1814) ~[spring-beans-6.2.6.jar:6.2.6]
	... 15 common frames omitted

2025-05-11T04:13:00.015+05:30  INFO 31568 --- [JPArelation] [main] c.J.JPArelation.JpArelationApplication   : Starting JpArelationApplication using Java 21.0.1 with PID 31568 (C:\Users\mnanra\OneDrive - Capgemini\Desktop\sb-ecom\JPArelation\target\classes started by mnanra in C:\Users\mnanra\OneDrive - Capgemini\Desktop\sb-ecom\JPArelation)
2025-05-11T04:13:00.020+05:30  INFO 31568 --- [JPArelation] [main] c.J.JPArelation.JpArelationApplication   : No active profile set, falling back to 1 default profile: "default"
2025-05-11T04:13:00.792+05:30  INFO 31568 --- [JPArelation] [main] .s.d.r.c.RepositoryConfigurationDelegate : Bootstrapping Spring Data JPA repositories in DEFAULT mode.
2025-05-11T04:13:00.878+05:30  INFO 31568 --- [JPArelation] [main] .s.d.r.c.RepositoryConfigurationDelegate : Finished Spring Data repository scanning in 73 ms. Found 4 JPA repository interfaces.
2025-05-11T04:13:01.411+05:30  INFO 31568 --- [JPArelation] [main] o.s.b.w.embedded.tomcat.TomcatWebServer  : Tomcat initialized with port 8080 (http)
2025-05-11T04:13:01.424+05:30  INFO 31568 --- [JPArelation] [main] o.apache.catalina.core.StandardService   : Starting service [Tomcat]
2025-05-11T04:13:01.425+05:30  INFO 31568 --- [JPArelation] [main] o.apache.catalina.core.StandardEngine    : Starting Servlet engine: [Apache Tomcat/10.1.40]
2025-05-11T04:13:01.496+05:30  INFO 31568 --- [JPArelation] [main] o.a.c.c.C.[Tomcat].[localhost].[/]       : Initializing Spring embedded WebApplicationContext
2025-05-11T04:13:01.496+05:30  INFO 31568 --- [JPArelation] [main] w.s.c.ServletWebServerApplicationContext : Root WebApplicationContext: initialization completed in 1408 ms
2025-05-11T04:13:01.672+05:30  INFO 31568 --- [JPArelation] [main] com.zaxxer.hikari.HikariDataSource       : HikariPool-1 - Starting...
2025-05-11T04:13:01.879+05:30  INFO 31568 --- [JPArelation] [main] com.zaxxer.hikari.pool.HikariPool        : HikariPool-1 - Added connection conn0: url=jdbc:h2:mem:test user=SA
2025-05-11T04:13:01.883+05:30  INFO 31568 --- [JPArelation] [main] com.zaxxer.hikari.HikariDataSource       : HikariPool-1 - Start completed.
2025-05-11T04:13:01.950+05:30  INFO 31568 --- [JPArelation] [main] o.hibernate.jpa.internal.util.LogHelper  : HHH000204: Processing PersistenceUnitInfo [name: default]
2025-05-11T04:13:02.028+05:30  INFO 31568 --- [JPArelation] [main] org.hibernate.Version                    : HHH000412: Hibernate ORM core version 6.6.13.Final
2025-05-11T04:13:02.062+05:30  INFO 31568 --- [JPArelation] [main] o.h.c.internal.RegionFactoryInitiator    : HHH000026: Second-level cache disabled
2025-05-11T04:13:02.420+05:30  INFO 31568 --- [JPArelation] [main] o.s.o.j.p.SpringPersistenceUnitInfo      : No LoadTimeWeaver setup: ignoring JPA class transformer
2025-05-11T04:13:02.519+05:30  INFO 31568 --- [JPArelation] [main] org.hibernate.orm.connections.pooling    : HHH10001005: Database info:
	Database JDBC URL [Connecting through datasource 'HikariDataSource (HikariPool-1)']
	Database driver: undefined/unknown
	Database version: 2.3.232
	Autocommit mode: undefined/unknown
	Isolation level: undefined/unknown
	Minimum pool size: undefined/unknown
	Maximum pool size: undefined/unknown
2025-05-11T04:13:02.763+05:30 ERROR 31568 --- [JPArelation] [main] j.LocalContainerEntityManagerFactoryBean : Failed to initialize JPA EntityManagerFactory: Association 'com.JPA.JPArelation.models.SocialProfile.socialUser' is 'mappedBy' a property named 'socialProfile' which does not exist in the target entity type 'com.JPA.JPArelation.models.SocialUser'
2025-05-11T04:13:02.765+05:30  WARN 31568 --- [JPArelation] [main] ConfigServletWebServerApplicationContext : Exception encountered during context initialization - cancelling refresh attempt: org.springframework.beans.factory.BeanCreationException: Error creating bean with name 'entityManagerFactory' defined in class path resource [org/springframework/boot/autoconfigure/orm/jpa/HibernateJpaConfiguration.class]: Association 'com.JPA.JPArelation.models.SocialProfile.socialUser' is 'mappedBy' a property named 'socialProfile' which does not exist in the target entity type 'com.JPA.JPArelation.models.SocialUser'
2025-05-11T04:13:02.765+05:30  INFO 31568 --- [JPArelation] [main] com.zaxxer.hikari.HikariDataSource       : HikariPool-1 - Shutdown initiated...
2025-05-11T04:13:02.769+05:30  INFO 31568 --- [JPArelation] [main] com.zaxxer.hikari.HikariDataSource       : HikariPool-1 - Shutdown completed.
2025-05-11T04:13:02.773+05:30  INFO 31568 --- [JPArelation] [main] o.apache.catalina.core.StandardService   : Stopping service [Tomcat]
2025-05-11T04:13:02.783+05:30  INFO 31568 --- [JPArelation] [main] .s.b.a.l.ConditionEvaluationReportLogger : 

Error starting ApplicationContext. To display the condition evaluation report re-run your application with 'debug' enabled.
2025-05-11T04:13:02.799+05:30 ERROR 31568 --- [JPArelation] [main] o.s.boot.SpringApplication               : Application run failed

org.springframework.beans.factory.BeanCreationException: Error creating bean with name 'entityManagerFactory' defined in class path resource [org/springframework/boot/autoconfigure/orm/jpa/HibernateJpaConfiguration.class]: Association 'com.JPA.JPArelation.models.SocialProfile.socialUser' is 'mappedBy' a property named 'socialProfile' which does not exist in the target entity type 'com.JPA.JPArelation.models.SocialUser'
	at org.springframework.beans.factory.support.AbstractAutowireCapableBeanFactory.initializeBean(AbstractAutowireCapableBeanFactory.java:1818) ~[spring-beans-6.2.6.jar:6.2.6]
	at org.springframework.beans.factory.support.AbstractAutowireCapableBeanFactory.doCreateBean(AbstractAutowireCapableBeanFactory.java:607) ~[spring-beans-6.2.6.jar:6.2.6]
	at org.springframework.beans.factory.support.AbstractAutowireCapableBeanFactory.createBean(AbstractAutowireCapableBeanFactory.java:529) ~[spring-beans-6.2.6.jar:6.2.6]
	at org.springframework.beans.factory.support.AbstractBeanFactory.lambda$doGetBean$0(AbstractBeanFactory.java:339) ~[spring-beans-6.2.6.jar:6.2.6]
	at org.springframework.beans.factory.support.DefaultSingletonBeanRegistry.getSingleton(DefaultSingletonBeanRegistry.java:371) ~[spring-beans-6.2.6.jar:6.2.6]
	at org.springframework.beans.factory.support.AbstractBeanFactory.doGetBean(AbstractBeanFactory.java:337) ~[spring-beans-6.2.6.jar:6.2.6]
	at org.springframework.beans.factory.support.AbstractBeanFactory.getBean(AbstractBeanFactory.java:207) ~[spring-beans-6.2.6.jar:6.2.6]
	at org.springframework.context.support.AbstractApplicationContext.finishBeanFactoryInitialization(AbstractApplicationContext.java:970) ~[spring-context-6.2.6.jar:6.2.6]
	at org.springframework.context.support.AbstractApplicationContext.refresh(AbstractApplicationContext.java:627) ~[spring-context-6.2.6.jar:6.2.6]
	at org.springframework.boot.web.servlet.context.ServletWebServerApplicationContext.refresh(ServletWebServerApplicationContext.java:146) ~[spring-boot-3.4.5.jar:3.4.5]
	at org.springframework.boot.SpringApplication.refresh(SpringApplication.java:753) ~[spring-boot-3.4.5.jar:3.4.5]
	at org.springframework.boot.SpringApplication.refreshContext(SpringApplication.java:439) ~[spring-boot-3.4.5.jar:3.4.5]
	at org.springframework.boot.SpringApplication.run(SpringApplication.java:318) ~[spring-boot-3.4.5.jar:3.4.5]
	at org.springframework.boot.SpringApplication.run(SpringApplication.java:1362) ~[spring-boot-3.4.5.jar:3.4.5]
	at org.springframework.boot.SpringApplication.run(SpringApplication.java:1351) ~[spring-boot-3.4.5.jar:3.4.5]
	at com.JPA.JPArelation.JpArelationApplication.main(JpArelationApplication.java:11) ~[classes/:na]
Caused by: org.hibernate.AnnotationException: Association 'com.JPA.JPArelation.models.SocialProfile.socialUser' is 'mappedBy' a property named 'socialProfile' which does not exist in the target entity type 'com.JPA.JPArelation.models.SocialUser'
	at org.hibernate.boot.model.internal.OneToOneSecondPass.targetProperty(OneToOneSecondPass.java:240) ~[hibernate-core-6.6.13.Final.jar:6.6.13.Final]
	at org.hibernate.boot.model.internal.OneToOneSecondPass.bindUnowned(OneToOneSecondPass.java:149) ~[hibernate-core-6.6.13.Final.jar:6.6.13.Final]
	at org.hibernate.boot.model.internal.OneToOneSecondPass.doSecondPass(OneToOneSecondPass.java:128) ~[hibernate-core-6.6.13.Final.jar:6.6.13.Final]
	at org.hibernate.boot.internal.InFlightMetadataCollectorImpl.processSecondPasses(InFlightMetadataCollectorImpl.java:1842) ~[hibernate-core-6.6.13.Final.jar:6.6.13.Final]
	at org.hibernate.boot.internal.InFlightMetadataCollectorImpl.processSecondPasses(InFlightMetadataCollectorImpl.java:1800) ~[hibernate-core-6.6.13.Final.jar:6.6.13.Final]
	at org.hibernate.boot.model.process.spi.MetadataBuildingProcess.complete(MetadataBuildingProcess.java:334) ~[hibernate-core-6.6.13.Final.jar:6.6.13.Final]
	at org.hibernate.jpa.boot.internal.EntityManagerFactoryBuilderImpl.metadata(EntityManagerFactoryBuilderImpl.java:1442) ~[hibernate-core-6.6.13.Final.jar:6.6.13.Final]
	at org.hibernate.jpa.boot.internal.EntityManagerFactoryBuilderImpl.build(EntityManagerFactoryBuilderImpl.java:1513) ~[hibernate-core-6.6.13.Final.jar:6.6.13.Final]
	at org.springframework.orm.jpa.vendor.SpringHibernateJpaPersistenceProvider.createContainerEntityManagerFactory(SpringHibernateJpaPersistenceProvider.java:66) ~[spring-orm-6.2.6.jar:6.2.6]
	at org.springframework.orm.jpa.LocalContainerEntityManagerFactoryBean.createNativeEntityManagerFactory(LocalContainerEntityManagerFactoryBean.java:390) ~[spring-orm-6.2.6.jar:6.2.6]
	at org.springframework.orm.jpa.AbstractEntityManagerFactoryBean.buildNativeEntityManagerFactory(AbstractEntityManagerFactoryBean.java:419) ~[spring-orm-6.2.6.jar:6.2.6]
	at org.springframework.orm.jpa.AbstractEntityManagerFactoryBean.afterPropertiesSet(AbstractEntityManagerFactoryBean.java:400) ~[spring-orm-6.2.6.jar:6.2.6]
	at org.springframework.orm.jpa.LocalContainerEntityManagerFactoryBean.afterPropertiesSet(LocalContainerEntityManagerFactoryBean.java:366) ~[spring-orm-6.2.6.jar:6.2.6]
	at org.springframework.beans.factory.support.AbstractAutowireCapableBeanFactory.invokeInitMethods(AbstractAutowireCapableBeanFactory.java:1865) ~[spring-beans-6.2.6.jar:6.2.6]
	at org.springframework.beans.factory.support.AbstractAutowireCapableBeanFactory.initializeBean(AbstractAutowireCapableBeanFactory.java:1814) ~[spring-beans-6.2.6.jar:6.2.6]
	... 15 common frames omitted

2025-05-11T04:16:17.400+05:30  INFO 36256 --- [JPArelation] [main] c.J.JPArelation.JpArelationApplication   : Starting JpArelationApplication using Java 21.0.1 with PID 36256 (C:\Users\mnanra\OneDrive - Capgemini\Desktop\sb-ecom\JPArelation\target\classes started by mnanra in C:\Users\mnanra\OneDrive - Capgemini\Desktop\sb-ecom\JPArelation)
2025-05-11T04:16:17.405+05:30  INFO 36256 --- [JPArelation] [main] c.J.JPArelation.JpArelationApplication   : No active profile set, falling back to 1 default profile: "default"
2025-05-11T04:16:18.400+05:30  INFO 36256 --- [JPArelation] [main] .s.d.r.c.RepositoryConfigurationDelegate : Bootstrapping Spring Data JPA repositories in DEFAULT mode.
2025-05-11T04:16:18.509+05:30  INFO 36256 --- [JPArelation] [main] .s.d.r.c.RepositoryConfigurationDelegate : Finished Spring Data repository scanning in 92 ms. Found 4 JPA repository interfaces.
2025-05-11T04:16:19.151+05:30  INFO 36256 --- [JPArelation] [main] o.s.b.w.embedded.tomcat.TomcatWebServer  : Tomcat initialized with port 8080 (http)
2025-05-11T04:16:19.170+05:30  INFO 36256 --- [JPArelation] [main] o.apache.catalina.core.StandardService   : Starting service [Tomcat]
2025-05-11T04:16:19.172+05:30  INFO 36256 --- [JPArelation] [main] o.apache.catalina.core.StandardEngine    : Starting Servlet engine: [Apache Tomcat/10.1.40]
2025-05-11T04:16:19.258+05:30  INFO 36256 --- [JPArelation] [main] o.a.c.c.C.[Tomcat].[localhost].[/]       : Initializing Spring embedded WebApplicationContext
2025-05-11T04:16:19.258+05:30  INFO 36256 --- [JPArelation] [main] w.s.c.ServletWebServerApplicationContext : Root WebApplicationContext: initialization completed in 1780 ms
2025-05-11T04:16:19.466+05:30  INFO 36256 --- [JPArelation] [main] com.zaxxer.hikari.HikariDataSource       : HikariPool-1 - Starting...
2025-05-11T04:16:19.760+05:30  INFO 36256 --- [JPArelation] [main] com.zaxxer.hikari.pool.HikariPool        : HikariPool-1 - Added connection conn0: url=jdbc:h2:mem:test user=SA
2025-05-11T04:16:19.763+05:30  INFO 36256 --- [JPArelation] [main] com.zaxxer.hikari.HikariDataSource       : HikariPool-1 - Start completed.
2025-05-11T04:16:19.833+05:30  INFO 36256 --- [JPArelation] [main] o.hibernate.jpa.internal.util.LogHelper  : HHH000204: Processing PersistenceUnitInfo [name: default]
2025-05-11T04:16:19.913+05:30  INFO 36256 --- [JPArelation] [main] org.hibernate.Version                    : HHH000412: Hibernate ORM core version 6.6.13.Final
2025-05-11T04:16:19.960+05:30  INFO 36256 --- [JPArelation] [main] o.h.c.internal.RegionFactoryInitiator    : HHH000026: Second-level cache disabled
2025-05-11T04:16:20.348+05:30  INFO 36256 --- [JPArelation] [main] o.s.o.j.p.SpringPersistenceUnitInfo      : No LoadTimeWeaver setup: ignoring JPA class transformer
2025-05-11T04:16:20.441+05:30  INFO 36256 --- [JPArelation] [main] org.hibernate.orm.connections.pooling    : HHH10001005: Database info:
	Database JDBC URL [Connecting through datasource 'HikariDataSource (HikariPool-1)']
	Database driver: undefined/unknown
	Database version: 2.3.232
	Autocommit mode: undefined/unknown
	Isolation level: undefined/unknown
	Minimum pool size: undefined/unknown
	Maximum pool size: undefined/unknown
2025-05-11T04:16:20.678+05:30 ERROR 36256 --- [JPArelation] [main] j.LocalContainerEntityManagerFactoryBean : Failed to initialize JPA EntityManagerFactory: Association 'com.JPA.JPArelation.models.SocialProfile.socialUser' is 'mappedBy' a property named 'socialProfile' which does not exist in the target entity type 'com.JPA.JPArelation.models.SocialUser'
2025-05-11T04:16:20.678+05:30  WARN 36256 --- [JPArelation] [main] ConfigServletWebServerApplicationContext : Exception encountered during context initialization - cancelling refresh attempt: org.springframework.beans.factory.BeanCreationException: Error creating bean with name 'entityManagerFactory' defined in class path resource [org/springframework/boot/autoconfigure/orm/jpa/HibernateJpaConfiguration.class]: Association 'com.JPA.JPArelation.models.SocialProfile.socialUser' is 'mappedBy' a property named 'socialProfile' which does not exist in the target entity type 'com.JPA.JPArelation.models.SocialUser'
2025-05-11T04:16:20.679+05:30  INFO 36256 --- [JPArelation] [main] com.zaxxer.hikari.HikariDataSource       : HikariPool-1 - Shutdown initiated...
2025-05-11T04:16:20.681+05:30  INFO 36256 --- [JPArelation] [main] com.zaxxer.hikari.HikariDataSource       : HikariPool-1 - Shutdown completed.
2025-05-11T04:16:20.686+05:30  INFO 36256 --- [JPArelation] [main] o.apache.catalina.core.StandardService   : Stopping service [Tomcat]
2025-05-11T04:16:20.695+05:30  INFO 36256 --- [JPArelation] [main] .s.b.a.l.ConditionEvaluationReportLogger : 

Error starting ApplicationContext. To display the condition evaluation report re-run your application with 'debug' enabled.
2025-05-11T04:16:20.713+05:30 ERROR 36256 --- [JPArelation] [main] o.s.boot.SpringApplication               : Application run failed

org.springframework.beans.factory.BeanCreationException: Error creating bean with name 'entityManagerFactory' defined in class path resource [org/springframework/boot/autoconfigure/orm/jpa/HibernateJpaConfiguration.class]: Association 'com.JPA.JPArelation.models.SocialProfile.socialUser' is 'mappedBy' a property named 'socialProfile' which does not exist in the target entity type 'com.JPA.JPArelation.models.SocialUser'
	at org.springframework.beans.factory.support.AbstractAutowireCapableBeanFactory.initializeBean(AbstractAutowireCapableBeanFactory.java:1818) ~[spring-beans-6.2.6.jar:6.2.6]
	at org.springframework.beans.factory.support.AbstractAutowireCapableBeanFactory.doCreateBean(AbstractAutowireCapableBeanFactory.java:607) ~[spring-beans-6.2.6.jar:6.2.6]
	at org.springframework.beans.factory.support.AbstractAutowireCapableBeanFactory.createBean(AbstractAutowireCapableBeanFactory.java:529) ~[spring-beans-6.2.6.jar:6.2.6]
	at org.springframework.beans.factory.support.AbstractBeanFactory.lambda$doGetBean$0(AbstractBeanFactory.java:339) ~[spring-beans-6.2.6.jar:6.2.6]
	at org.springframework.beans.factory.support.DefaultSingletonBeanRegistry.getSingleton(DefaultSingletonBeanRegistry.java:371) ~[spring-beans-6.2.6.jar:6.2.6]
	at org.springframework.beans.factory.support.AbstractBeanFactory.doGetBean(AbstractBeanFactory.java:337) ~[spring-beans-6.2.6.jar:6.2.6]
	at org.springframework.beans.factory.support.AbstractBeanFactory.getBean(AbstractBeanFactory.java:207) ~[spring-beans-6.2.6.jar:6.2.6]
	at org.springframework.context.support.AbstractApplicationContext.finishBeanFactoryInitialization(AbstractApplicationContext.java:970) ~[spring-context-6.2.6.jar:6.2.6]
	at org.springframework.context.support.AbstractApplicationContext.refresh(AbstractApplicationContext.java:627) ~[spring-context-6.2.6.jar:6.2.6]
	at org.springframework.boot.web.servlet.context.ServletWebServerApplicationContext.refresh(ServletWebServerApplicationContext.java:146) ~[spring-boot-3.4.5.jar:3.4.5]
	at org.springframework.boot.SpringApplication.refresh(SpringApplication.java:753) ~[spring-boot-3.4.5.jar:3.4.5]
	at org.springframework.boot.SpringApplication.refreshContext(SpringApplication.java:439) ~[spring-boot-3.4.5.jar:3.4.5]
	at org.springframework.boot.SpringApplication.run(SpringApplication.java:318) ~[spring-boot-3.4.5.jar:3.4.5]
	at org.springframework.boot.SpringApplication.run(SpringApplication.java:1362) ~[spring-boot-3.4.5.jar:3.4.5]
	at org.springframework.boot.SpringApplication.run(SpringApplication.java:1351) ~[spring-boot-3.4.5.jar:3.4.5]
	at com.JPA.JPArelation.JpArelationApplication.main(JpArelationApplication.java:11) ~[classes/:na]
Caused by: org.hibernate.AnnotationException: Association 'com.JPA.JPArelation.models.SocialProfile.socialUser' is 'mappedBy' a property named 'socialProfile' which does not exist in the target entity type 'com.JPA.JPArelation.models.SocialUser'
	at org.hibernate.boot.model.internal.OneToOneSecondPass.targetProperty(OneToOneSecondPass.java:240) ~[hibernate-core-6.6.13.Final.jar:6.6.13.Final]
	at org.hibernate.boot.model.internal.OneToOneSecondPass.bindUnowned(OneToOneSecondPass.java:149) ~[hibernate-core-6.6.13.Final.jar:6.6.13.Final]
	at org.hibernate.boot.model.internal.OneToOneSecondPass.doSecondPass(OneToOneSecondPass.java:128) ~[hibernate-core-6.6.13.Final.jar:6.6.13.Final]
	at org.hibernate.boot.internal.InFlightMetadataCollectorImpl.processSecondPasses(InFlightMetadataCollectorImpl.java:1842) ~[hibernate-core-6.6.13.Final.jar:6.6.13.Final]
	at org.hibernate.boot.internal.InFlightMetadataCollectorImpl.processSecondPasses(InFlightMetadataCollectorImpl.java:1800) ~[hibernate-core-6.6.13.Final.jar:6.6.13.Final]
	at org.hibernate.boot.model.process.spi.MetadataBuildingProcess.complete(MetadataBuildingProcess.java:334) ~[hibernate-core-6.6.13.Final.jar:6.6.13.Final]
	at org.hibernate.jpa.boot.internal.EntityManagerFactoryBuilderImpl.metadata(EntityManagerFactoryBuilderImpl.java:1442) ~[hibernate-core-6.6.13.Final.jar:6.6.13.Final]
	at org.hibernate.jpa.boot.internal.EntityManagerFactoryBuilderImpl.build(EntityManagerFactoryBuilderImpl.java:1513) ~[hibernate-core-6.6.13.Final.jar:6.6.13.Final]
	at org.springframework.orm.jpa.vendor.SpringHibernateJpaPersistenceProvider.createContainerEntityManagerFactory(SpringHibernateJpaPersistenceProvider.java:66) ~[spring-orm-6.2.6.jar:6.2.6]
	at org.springframework.orm.jpa.LocalContainerEntityManagerFactoryBean.createNativeEntityManagerFactory(LocalContainerEntityManagerFactoryBean.java:390) ~[spring-orm-6.2.6.jar:6.2.6]
	at org.springframework.orm.jpa.AbstractEntityManagerFactoryBean.buildNativeEntityManagerFactory(AbstractEntityManagerFactoryBean.java:419) ~[spring-orm-6.2.6.jar:6.2.6]
	at org.springframework.orm.jpa.AbstractEntityManagerFactoryBean.afterPropertiesSet(AbstractEntityManagerFactoryBean.java:400) ~[spring-orm-6.2.6.jar:6.2.6]
	at org.springframework.orm.jpa.LocalContainerEntityManagerFactoryBean.afterPropertiesSet(LocalContainerEntityManagerFactoryBean.java:366) ~[spring-orm-6.2.6.jar:6.2.6]
	at org.springframework.beans.factory.support.AbstractAutowireCapableBeanFactory.invokeInitMethods(AbstractAutowireCapableBeanFactory.java:1865) ~[spring-beans-6.2.6.jar:6.2.6]
	at org.springframework.beans.factory.support.AbstractAutowireCapableBeanFactory.initializeBean(AbstractAutowireCapableBeanFactory.java:1814) ~[spring-beans-6.2.6.jar:6.2.6]
	... 15 common frames omitted

2025-05-11T04:19:28.558+05:30  INFO 41220 --- [JPArelation] [main] c.J.JPArelation.JpArelationApplication   : Starting JpArelationApplication using Java 21.0.1 with PID 41220 (C:\Users\mnanra\OneDrive - Capgemini\Desktop\sb-ecom\JPArelation\target\classes started by mnanra in C:\Users\mnanra\OneDrive - Capgemini\Desktop\sb-ecom\JPArelation)
2025-05-11T04:19:28.561+05:30  INFO 41220 --- [JPArelation] [main] c.J.JPArelation.JpArelationApplication   : No active profile set, falling back to 1 default profile: "default"
2025-05-11T04:19:29.383+05:30  INFO 41220 --- [JPArelation] [main] .s.d.r.c.RepositoryConfigurationDelegate : Bootstrapping Spring Data JPA repositories in DEFAULT mode.
2025-05-11T04:19:29.483+05:30  INFO 41220 --- [JPArelation] [main] .s.d.r.c.RepositoryConfigurationDelegate : Finished Spring Data repository scanning in 85 ms. Found 4 JPA repository interfaces.
2025-05-11T04:19:30.115+05:30  INFO 41220 --- [JPArelation] [main] o.s.b.w.embedded.tomcat.TomcatWebServer  : Tomcat initialized with port 8080 (http)
2025-05-11T04:19:30.135+05:30  INFO 41220 --- [JPArelation] [main] o.apache.catalina.core.StandardService   : Starting service [Tomcat]
2025-05-11T04:19:30.135+05:30  INFO 41220 --- [JPArelation] [main] o.apache.catalina.core.StandardEngine    : Starting Servlet engine: [Apache Tomcat/10.1.40]
2025-05-11T04:19:30.221+05:30  INFO 41220 --- [JPArelation] [main] o.a.c.c.C.[Tomcat].[localhost].[/]       : Initializing Spring embedded WebApplicationContext
2025-05-11T04:19:30.222+05:30  INFO 41220 --- [JPArelation] [main] w.s.c.ServletWebServerApplicationContext : Root WebApplicationContext: initialization completed in 1609 ms
2025-05-11T04:19:30.418+05:30  INFO 41220 --- [JPArelation] [main] com.zaxxer.hikari.HikariDataSource       : HikariPool-1 - Starting...
2025-05-11T04:19:30.640+05:30  INFO 41220 --- [JPArelation] [main] com.zaxxer.hikari.pool.HikariPool        : HikariPool-1 - Added connection conn0: url=jdbc:h2:mem:test user=SA
2025-05-11T04:19:30.641+05:30  INFO 41220 --- [JPArelation] [main] com.zaxxer.hikari.HikariDataSource       : HikariPool-1 - Start completed.
2025-05-11T04:19:30.702+05:30  INFO 41220 --- [JPArelation] [main] o.hibernate.jpa.internal.util.LogHelper  : HHH000204: Processing PersistenceUnitInfo [name: default]
2025-05-11T04:19:30.772+05:30  INFO 41220 --- [JPArelation] [main] org.hibernate.Version                    : HHH000412: Hibernate ORM core version 6.6.13.Final
2025-05-11T04:19:30.810+05:30  INFO 41220 --- [JPArelation] [main] o.h.c.internal.RegionFactoryInitiator    : HHH000026: Second-level cache disabled
2025-05-11T04:19:31.116+05:30  INFO 41220 --- [JPArelation] [main] o.s.o.j.p.SpringPersistenceUnitInfo      : No LoadTimeWeaver setup: ignoring JPA class transformer
2025-05-11T04:19:31.204+05:30  INFO 41220 --- [JPArelation] [main] org.hibernate.orm.connections.pooling    : HHH10001005: Database info:
	Database JDBC URL [Connecting through datasource 'HikariDataSource (HikariPool-1)']
	Database driver: undefined/unknown
	Database version: 2.3.232
	Autocommit mode: undefined/unknown
	Isolation level: undefined/unknown
	Minimum pool size: undefined/unknown
	Maximum pool size: undefined/unknown
2025-05-11T04:19:31.423+05:30 ERROR 41220 --- [JPArelation] [main] j.LocalContainerEntityManagerFactoryBean : Failed to initialize JPA EntityManagerFactory: Association 'com.JPA.JPArelation.models.SocialProfile.socialUser' is 'mappedBy' a property named 'socialProfile' which does not exist in the target entity type 'com.JPA.JPArelation.models.SocialUser'
2025-05-11T04:19:31.424+05:30  WARN 41220 --- [JPArelation] [main] ConfigServletWebServerApplicationContext : Exception encountered during context initialization - cancelling refresh attempt: org.springframework.beans.factory.BeanCreationException: Error creating bean with name 'entityManagerFactory' defined in class path resource [org/springframework/boot/autoconfigure/orm/jpa/HibernateJpaConfiguration.class]: Association 'com.JPA.JPArelation.models.SocialProfile.socialUser' is 'mappedBy' a property named 'socialProfile' which does not exist in the target entity type 'com.JPA.JPArelation.models.SocialUser'
2025-05-11T04:19:31.424+05:30  INFO 41220 --- [JPArelation] [main] com.zaxxer.hikari.HikariDataSource       : HikariPool-1 - Shutdown initiated...
2025-05-11T04:19:31.426+05:30  INFO 41220 --- [JPArelation] [main] com.zaxxer.hikari.HikariDataSource       : HikariPool-1 - Shutdown completed.
2025-05-11T04:19:31.429+05:30  INFO 41220 --- [JPArelation] [main] o.apache.catalina.core.StandardService   : Stopping service [Tomcat]
2025-05-11T04:19:31.438+05:30  INFO 41220 --- [JPArelation] [main] .s.b.a.l.ConditionEvaluationReportLogger : 

Error starting ApplicationContext. To display the condition evaluation report re-run your application with 'debug' enabled.
2025-05-11T04:19:31.455+05:30 ERROR 41220 --- [JPArelation] [main] o.s.boot.SpringApplication               : Application run failed

org.springframework.beans.factory.BeanCreationException: Error creating bean with name 'entityManagerFactory' defined in class path resource [org/springframework/boot/autoconfigure/orm/jpa/HibernateJpaConfiguration.class]: Association 'com.JPA.JPArelation.models.SocialProfile.socialUser' is 'mappedBy' a property named 'socialProfile' which does not exist in the target entity type 'com.JPA.JPArelation.models.SocialUser'
	at org.springframework.beans.factory.support.AbstractAutowireCapableBeanFactory.initializeBean(AbstractAutowireCapableBeanFactory.java:1818) ~[spring-beans-6.2.6.jar:6.2.6]
	at org.springframework.beans.factory.support.AbstractAutowireCapableBeanFactory.doCreateBean(AbstractAutowireCapableBeanFactory.java:607) ~[spring-beans-6.2.6.jar:6.2.6]
	at org.springframework.beans.factory.support.AbstractAutowireCapableBeanFactory.createBean(AbstractAutowireCapableBeanFactory.java:529) ~[spring-beans-6.2.6.jar:6.2.6]
	at org.springframework.beans.factory.support.AbstractBeanFactory.lambda$doGetBean$0(AbstractBeanFactory.java:339) ~[spring-beans-6.2.6.jar:6.2.6]
	at org.springframework.beans.factory.support.DefaultSingletonBeanRegistry.getSingleton(DefaultSingletonBeanRegistry.java:371) ~[spring-beans-6.2.6.jar:6.2.6]
	at org.springframework.beans.factory.support.AbstractBeanFactory.doGetBean(AbstractBeanFactory.java:337) ~[spring-beans-6.2.6.jar:6.2.6]
	at org.springframework.beans.factory.support.AbstractBeanFactory.getBean(AbstractBeanFactory.java:207) ~[spring-beans-6.2.6.jar:6.2.6]
	at org.springframework.context.support.AbstractApplicationContext.finishBeanFactoryInitialization(AbstractApplicationContext.java:970) ~[spring-context-6.2.6.jar:6.2.6]
	at org.springframework.context.support.AbstractApplicationContext.refresh(AbstractApplicationContext.java:627) ~[spring-context-6.2.6.jar:6.2.6]
	at org.springframework.boot.web.servlet.context.ServletWebServerApplicationContext.refresh(ServletWebServerApplicationContext.java:146) ~[spring-boot-3.4.5.jar:3.4.5]
	at org.springframework.boot.SpringApplication.refresh(SpringApplication.java:753) ~[spring-boot-3.4.5.jar:3.4.5]
	at org.springframework.boot.SpringApplication.refreshContext(SpringApplication.java:439) ~[spring-boot-3.4.5.jar:3.4.5]
	at org.springframework.boot.SpringApplication.run(SpringApplication.java:318) ~[spring-boot-3.4.5.jar:3.4.5]
	at org.springframework.boot.SpringApplication.run(SpringApplication.java:1362) ~[spring-boot-3.4.5.jar:3.4.5]
	at org.springframework.boot.SpringApplication.run(SpringApplication.java:1351) ~[spring-boot-3.4.5.jar:3.4.5]
	at com.JPA.JPArelation.JpArelationApplication.main(JpArelationApplication.java:11) ~[classes/:na]
Caused by: org.hibernate.AnnotationException: Association 'com.JPA.JPArelation.models.SocialProfile.socialUser' is 'mappedBy' a property named 'socialProfile' which does not exist in the target entity type 'com.JPA.JPArelation.models.SocialUser'
	at org.hibernate.boot.model.internal.OneToOneSecondPass.targetProperty(OneToOneSecondPass.java:240) ~[hibernate-core-6.6.13.Final.jar:6.6.13.Final]
	at org.hibernate.boot.model.internal.OneToOneSecondPass.bindUnowned(OneToOneSecondPass.java:149) ~[hibernate-core-6.6.13.Final.jar:6.6.13.Final]
	at org.hibernate.boot.model.internal.OneToOneSecondPass.doSecondPass(OneToOneSecondPass.java:128) ~[hibernate-core-6.6.13.Final.jar:6.6.13.Final]
	at org.hibernate.boot.internal.InFlightMetadataCollectorImpl.processSecondPasses(InFlightMetadataCollectorImpl.java:1842) ~[hibernate-core-6.6.13.Final.jar:6.6.13.Final]
	at org.hibernate.boot.internal.InFlightMetadataCollectorImpl.processSecondPasses(InFlightMetadataCollectorImpl.java:1800) ~[hibernate-core-6.6.13.Final.jar:6.6.13.Final]
	at org.hibernate.boot.model.process.spi.MetadataBuildingProcess.complete(MetadataBuildingProcess.java:334) ~[hibernate-core-6.6.13.Final.jar:6.6.13.Final]
	at org.hibernate.jpa.boot.internal.EntityManagerFactoryBuilderImpl.metadata(EntityManagerFactoryBuilderImpl.java:1442) ~[hibernate-core-6.6.13.Final.jar:6.6.13.Final]
	at org.hibernate.jpa.boot.internal.EntityManagerFactoryBuilderImpl.build(EntityManagerFactoryBuilderImpl.java:1513) ~[hibernate-core-6.6.13.Final.jar:6.6.13.Final]
	at org.springframework.orm.jpa.vendor.SpringHibernateJpaPersistenceProvider.createContainerEntityManagerFactory(SpringHibernateJpaPersistenceProvider.java:66) ~[spring-orm-6.2.6.jar:6.2.6]
	at org.springframework.orm.jpa.LocalContainerEntityManagerFactoryBean.createNativeEntityManagerFactory(LocalContainerEntityManagerFactoryBean.java:390) ~[spring-orm-6.2.6.jar:6.2.6]
	at org.springframework.orm.jpa.AbstractEntityManagerFactoryBean.buildNativeEntityManagerFactory(AbstractEntityManagerFactoryBean.java:419) ~[spring-orm-6.2.6.jar:6.2.6]
	at org.springframework.orm.jpa.AbstractEntityManagerFactoryBean.afterPropertiesSet(AbstractEntityManagerFactoryBean.java:400) ~[spring-orm-6.2.6.jar:6.2.6]
	at org.springframework.orm.jpa.LocalContainerEntityManagerFactoryBean.afterPropertiesSet(LocalContainerEntityManagerFactoryBean.java:366) ~[spring-orm-6.2.6.jar:6.2.6]
	at org.springframework.beans.factory.support.AbstractAutowireCapableBeanFactory.invokeInitMethods(AbstractAutowireCapableBeanFactory.java:1865) ~[spring-beans-6.2.6.jar:6.2.6]
	at org.springframework.beans.factory.support.AbstractAutowireCapableBeanFactory.initializeBean(AbstractAutowireCapableBeanFactory.java:1814) ~[spring-beans-6.2.6.jar:6.2.6]
	... 15 common frames omitted

2025-05-11T04:25:09.110+05:30  INFO 19556 --- [JPArelation] [main] c.J.JPArelation.JpArelationApplication   : Starting JpArelationApplication using Java 21.0.1 with PID 19556 (C:\Users\mnanra\OneDrive - Capgemini\Desktop\sb-ecom\JPArelation\target\classes started by mnanra in C:\Users\mnanra\OneDrive - Capgemini\Desktop\sb-ecom\JPArelation)
2025-05-11T04:25:09.114+05:30  INFO 19556 --- [JPArelation] [main] c.J.JPArelation.JpArelationApplication   : No active profile set, falling back to 1 default profile: "default"
2025-05-11T04:25:10.095+05:30  INFO 19556 --- [JPArelation] [main] .s.d.r.c.RepositoryConfigurationDelegate : Bootstrapping Spring Data JPA repositories in DEFAULT mode.
2025-05-11T04:25:10.188+05:30  INFO 19556 --- [JPArelation] [main] .s.d.r.c.RepositoryConfigurationDelegate : Finished Spring Data repository scanning in 79 ms. Found 4 JPA repository interfaces.
2025-05-11T04:25:10.891+05:30  INFO 19556 --- [JPArelation] [main] o.s.b.w.embedded.tomcat.TomcatWebServer  : Tomcat initialized with port 8080 (http)
2025-05-11T04:25:10.903+05:30  INFO 19556 --- [JPArelation] [main] o.apache.catalina.core.StandardService   : Starting service [Tomcat]
2025-05-11T04:25:10.905+05:30  INFO 19556 --- [JPArelation] [main] o.apache.catalina.core.StandardEngine    : Starting Servlet engine: [Apache Tomcat/10.1.40]
2025-05-11T04:25:10.973+05:30  INFO 19556 --- [JPArelation] [main] o.a.c.c.C.[Tomcat].[localhost].[/]       : Initializing Spring embedded WebApplicationContext
2025-05-11T04:25:10.974+05:30  INFO 19556 --- [JPArelation] [main] w.s.c.ServletWebServerApplicationContext : Root WebApplicationContext: initialization completed in 1793 ms
2025-05-11T04:25:11.148+05:30  INFO 19556 --- [JPArelation] [main] com.zaxxer.hikari.HikariDataSource       : HikariPool-1 - Starting...
2025-05-11T04:25:11.333+05:30  INFO 19556 --- [JPArelation] [main] com.zaxxer.hikari.pool.HikariPool        : HikariPool-1 - Added connection conn0: url=jdbc:h2:mem:test user=SA
2025-05-11T04:25:11.335+05:30  INFO 19556 --- [JPArelation] [main] com.zaxxer.hikari.HikariDataSource       : HikariPool-1 - Start completed.
2025-05-11T04:25:11.413+05:30  INFO 19556 --- [JPArelation] [main] o.hibernate.jpa.internal.util.LogHelper  : HHH000204: Processing PersistenceUnitInfo [name: default]
2025-05-11T04:25:11.497+05:30  INFO 19556 --- [JPArelation] [main] org.hibernate.Version                    : HHH000412: Hibernate ORM core version 6.6.13.Final
2025-05-11T04:25:11.547+05:30  INFO 19556 --- [JPArelation] [main] o.h.c.internal.RegionFactoryInitiator    : HHH000026: Second-level cache disabled
2025-05-11T04:25:11.928+05:30  INFO 19556 --- [JPArelation] [main] o.s.o.j.p.SpringPersistenceUnitInfo      : No LoadTimeWeaver setup: ignoring JPA class transformer
2025-05-11T04:25:12.037+05:30  INFO 19556 --- [JPArelation] [main] org.hibernate.orm.connections.pooling    : HHH10001005: Database info:
	Database JDBC URL [Connecting through datasource 'HikariDataSource (HikariPool-1)']
	Database driver: undefined/unknown
	Database version: 2.3.232
	Autocommit mode: undefined/unknown
	Isolation level: undefined/unknown
	Minimum pool size: undefined/unknown
	Maximum pool size: undefined/unknown
2025-05-11T04:25:13.088+05:30  INFO 19556 --- [JPArelation] [main] o.h.e.t.j.p.i.JtaPlatformInitiator       : HHH000489: No JTA platform available (set 'hibernate.transaction.jta.platform' to enable JTA platform integration)
2025-05-11T04:25:13.148+05:30  INFO 19556 --- [JPArelation] [main] j.LocalContainerEntityManagerFactoryBean : Initialized JPA EntityManagerFactory for persistence unit 'default'
2025-05-11T04:25:13.895+05:30  INFO 19556 --- [JPArelation] [main] o.s.b.a.h2.H2ConsoleAutoConfiguration    : H2 console available at '/h2-console'. Database available at 'jdbc:h2:mem:test'
2025-05-11T04:25:13.991+05:30  INFO 19556 --- [JPArelation] [main] o.s.b.w.embedded.tomcat.TomcatWebServer  : Tomcat started on port 8080 (http) with context path '/'
2025-05-11T04:25:14.000+05:30  INFO 19556 --- [JPArelation] [main] c.J.JPArelation.JpArelationApplication   : Started JpArelationApplication in 5.546 seconds (process running for 6.023)
2025-05-11T04:25:24.953+05:30  INFO 19556 --- [JPArelation] [http-nio-8080-exec-2] o.a.c.c.C.[Tomcat].[localhost].[/]       : Initializing Spring DispatcherServlet 'dispatcherServlet'
2025-05-11T04:25:24.954+05:30  INFO 19556 --- [JPArelation] [http-nio-8080-exec-2] o.s.web.servlet.DispatcherServlet        : Initializing Servlet 'dispatcherServlet'
2025-05-11T04:25:24.955+05:30  INFO 19556 --- [JPArelation] [http-nio-8080-exec-2] o.s.web.servlet.DispatcherServlet        : Completed initialization in 1 ms
2025-05-11T04:25:56.650+05:30  INFO 19556 --- [JPArelation] [SpringApplicationShutdownHook] o.s.b.w.e.tomcat.GracefulShutdown        : Commencing graceful shutdown. Waiting for active requests to complete
2025-05-11T04:25:56.659+05:30  INFO 19556 --- [JPArelation] [tomcat-shutdown] o.s.b.w.e.tomcat.GracefulShutdown        : Graceful shutdown complete
2025-05-11T04:25:56.662+05:30  INFO 19556 --- [JPArelation] [SpringApplicationShutdownHook] j.LocalContainerEntityManagerFactoryBean : Closing JPA EntityManagerFactory for persistence unit 'default'
2025-05-11T04:25:56.675+05:30  INFO 19556 --- [JPArelation] [SpringApplicationShutdownHook] com.zaxxer.hikari.HikariDataSource       : HikariPool-1 - Shutdown initiated...
2025-05-11T04:25:56.680+05:30  INFO 19556 --- [JPArelation] [SpringApplicationShutdownHook] com.zaxxer.hikari.HikariDataSource       : HikariPool-1 - Shutdown completed.
2025-05-11T04:26:01.554+05:30  INFO 22244 --- [JPArelation] [main] c.J.JPArelation.JpArelationApplication   : Starting JpArelationApplication using Java 21.0.1 with PID 22244 (C:\Users\mnanra\OneDrive - Capgemini\Desktop\sb-ecom\JPArelation\target\classes started by mnanra in C:\Users\mnanra\OneDrive - Capgemini\Desktop\sb-ecom\JPArelation)
2025-05-11T04:26:01.558+05:30  INFO 22244 --- [JPArelation] [main] c.J.JPArelation.JpArelationApplication   : No active profile set, falling back to 1 default profile: "default"
2025-05-11T04:26:02.618+05:30  INFO 22244 --- [JPArelation] [main] .s.d.r.c.RepositoryConfigurationDelegate : Bootstrapping Spring Data JPA repositories in DEFAULT mode.
2025-05-11T04:26:02.709+05:30  INFO 22244 --- [JPArelation] [main] .s.d.r.c.RepositoryConfigurationDelegate : Finished Spring Data repository scanning in 76 ms. Found 4 JPA repository interfaces.
2025-05-11T04:26:03.291+05:30  INFO 22244 --- [JPArelation] [main] o.s.b.w.embedded.tomcat.TomcatWebServer  : Tomcat initialized with port 8080 (http)
2025-05-11T04:26:03.307+05:30  INFO 22244 --- [JPArelation] [main] o.apache.catalina.core.StandardService   : Starting service [Tomcat]
2025-05-11T04:26:03.307+05:30  INFO 22244 --- [JPArelation] [main] o.apache.catalina.core.StandardEngine    : Starting Servlet engine: [Apache Tomcat/10.1.40]
2025-05-11T04:26:03.381+05:30  INFO 22244 --- [JPArelation] [main] o.a.c.c.C.[Tomcat].[localhost].[/]       : Initializing Spring embedded WebApplicationContext
2025-05-11T04:26:03.381+05:30  INFO 22244 --- [JPArelation] [main] w.s.c.ServletWebServerApplicationContext : Root WebApplicationContext: initialization completed in 1734 ms
2025-05-11T04:26:03.587+05:30  INFO 22244 --- [JPArelation] [main] com.zaxxer.hikari.HikariDataSource       : HikariPool-1 - Starting...
2025-05-11T04:26:03.819+05:30  INFO 22244 --- [JPArelation] [main] com.zaxxer.hikari.pool.HikariPool        : HikariPool-1 - Added connection conn0: url=jdbc:h2:mem:test user=SA
2025-05-11T04:26:03.822+05:30  INFO 22244 --- [JPArelation] [main] com.zaxxer.hikari.HikariDataSource       : HikariPool-1 - Start completed.
2025-05-11T04:26:03.880+05:30  INFO 22244 --- [JPArelation] [main] o.hibernate.jpa.internal.util.LogHelper  : HHH000204: Processing PersistenceUnitInfo [name: default]
2025-05-11T04:26:03.975+05:30  INFO 22244 --- [JPArelation] [main] org.hibernate.Version                    : HHH000412: Hibernate ORM core version 6.6.13.Final
2025-05-11T04:26:04.018+05:30  INFO 22244 --- [JPArelation] [main] o.h.c.internal.RegionFactoryInitiator    : HHH000026: Second-level cache disabled
2025-05-11T04:26:04.406+05:30  INFO 22244 --- [JPArelation] [main] o.s.o.j.p.SpringPersistenceUnitInfo      : No LoadTimeWeaver setup: ignoring JPA class transformer
2025-05-11T04:26:04.511+05:30  INFO 22244 --- [JPArelation] [main] org.hibernate.orm.connections.pooling    : HHH10001005: Database info:
	Database JDBC URL [Connecting through datasource 'HikariDataSource (HikariPool-1)']
	Database driver: undefined/unknown
	Database version: 2.3.232
	Autocommit mode: undefined/unknown
	Isolation level: undefined/unknown
	Minimum pool size: undefined/unknown
	Maximum pool size: undefined/unknown
2025-05-11T04:26:05.467+05:30  INFO 22244 --- [JPArelation] [main] o.h.e.t.j.p.i.JtaPlatformInitiator       : HHH000489: No JTA platform available (set 'hibernate.transaction.jta.platform' to enable JTA platform integration)
2025-05-11T04:26:05.523+05:30  INFO 22244 --- [JPArelation] [main] j.LocalContainerEntityManagerFactoryBean : Initialized JPA EntityManagerFactory for persistence unit 'default'
2025-05-11T04:26:06.173+05:30  INFO 22244 --- [JPArelation] [main] o.s.b.a.h2.H2ConsoleAutoConfiguration    : H2 console available at '/h2-console'. Database available at 'jdbc:h2:mem:test'
2025-05-11T04:26:06.258+05:30  INFO 22244 --- [JPArelation] [main] o.s.b.w.embedded.tomcat.TomcatWebServer  : Tomcat started on port 8080 (http) with context path '/'
2025-05-11T04:26:06.266+05:30  INFO 22244 --- [JPArelation] [main] c.J.JPArelation.JpArelationApplication   : Started JpArelationApplication in 5.372 seconds (process running for 5.885)
2025-05-11T04:26:14.229+05:30  INFO 22244 --- [JPArelation] [http-nio-8080-exec-2] o.a.c.c.C.[Tomcat].[localhost].[/]       : Initializing Spring DispatcherServlet 'dispatcherServlet'
2025-05-11T04:26:14.229+05:30  INFO 22244 --- [JPArelation] [http-nio-8080-exec-2] o.s.web.servlet.DispatcherServlet        : Initializing Servlet 'dispatcherServlet'
2025-05-11T04:26:14.231+05:30  INFO 22244 --- [JPArelation] [http-nio-8080-exec-2] o.s.web.servlet.DispatcherServlet        : Completed initialization in 1 ms
2025-05-11T04:55:38.891+05:30  WARN 22244 --- [JPArelation] [http-nio-8080-exec-8] .w.s.m.s.DefaultHandlerExceptionResolver : Resolved [org.springframework.http.converter.HttpMessageNotReadableException: JSON parse error: Cannot deserialize value of type `com.JPA.JPArelation.models.SocialProfile` from Array value (token `JsonToken.START_ARRAY`)]
2025-05-11T04:55:46.096+05:30  WARN 22244 --- [JPArelation] [http-nio-8080-exec-1] .w.s.m.s.DefaultHandlerExceptionResolver : Resolved [org.springframework.http.converter.HttpMessageNotReadableException: JSON parse error: Cannot deserialize value of type `com.JPA.JPArelation.models.SocialProfile` from Array value (token `JsonToken.START_ARRAY`)]
2025-05-11T04:56:23.978+05:30  WARN 22244 --- [JPArelation] [http-nio-8080-exec-5] .w.s.m.s.DefaultHandlerExceptionResolver : Resolved [org.springframework.http.converter.HttpMessageNotReadableException: JSON parse error: Unexpected end-of-input: expected close marker for Object (start marker at [Source: REDACTED (`StreamReadFeature.INCLUDE_SOURCE_IN_LOCATION` disabled); line: 1, column: 2])]
2025-05-11T04:57:02.255+05:30  WARN 22244 --- [JPArelation] [http-nio-8080-exec-3] .w.s.m.s.DefaultHandlerExceptionResolver : Resolved [org.springframework.http.converter.HttpMessageNotReadableException: JSON parse error: Cannot construct instance of `com.JPA.JPArelation.models.SocialGroup` (although at least one Creator exists): no int/Int-argument constructor/factory method to deserialize from Number value (1)]
2025-05-11T05:19:03.612+05:30  INFO 22244 --- [JPArelation] [SpringApplicationShutdownHook] o.s.b.w.e.tomcat.GracefulShutdown        : Commencing graceful shutdown. Waiting for active requests to complete
2025-05-11T05:19:03.621+05:30  INFO 22244 --- [JPArelation] [tomcat-shutdown] o.s.b.w.e.tomcat.GracefulShutdown        : Graceful shutdown complete
2025-05-11T05:19:03.627+05:30  INFO 22244 --- [JPArelation] [SpringApplicationShutdownHook] j.LocalContainerEntityManagerFactoryBean : Closing JPA EntityManagerFactory for persistence unit 'default'
2025-05-11T05:19:03.638+05:30  INFO 22244 --- [JPArelation] [SpringApplicationShutdownHook] com.zaxxer.hikari.HikariDataSource       : HikariPool-1 - Shutdown initiated...
2025-05-11T05:19:03.642+05:30  INFO 22244 --- [JPArelation] [SpringApplicationShutdownHook] com.zaxxer.hikari.HikariDataSource       : HikariPool-1 - Shutdown completed.
2025-05-11T05:31:17.473+05:30  INFO 9852 --- [JPArelation] [main] c.J.JPArelation.JpArelationApplication   : Starting JpArelationApplication using Java 21.0.1 with PID 9852 (C:\Users\mnanra\OneDrive - Capgemini\Desktop\sb-ecom\JPArelation\target\classes started by mnanra in C:\Users\mnanra\OneDrive - Capgemini\Desktop\sb-ecom\JPArelation)
2025-05-11T05:31:17.479+05:30  INFO 9852 --- [JPArelation] [main] c.J.JPArelation.JpArelationApplication   : No active profile set, falling back to 1 default profile: "default"
2025-05-11T05:31:18.774+05:30  INFO 9852 --- [JPArelation] [main] .s.d.r.c.RepositoryConfigurationDelegate : Bootstrapping Spring Data JPA repositories in DEFAULT mode.
2025-05-11T05:31:18.895+05:30  INFO 9852 --- [JPArelation] [main] .s.d.r.c.RepositoryConfigurationDelegate : Finished Spring Data repository scanning in 106 ms. Found 4 JPA repository interfaces.
2025-05-11T05:31:19.754+05:30  INFO 9852 --- [JPArelation] [main] o.s.b.w.embedded.tomcat.TomcatWebServer  : Tomcat initialized with port 8080 (http)
2025-05-11T05:31:19.772+05:30  INFO 9852 --- [JPArelation] [main] o.apache.catalina.core.StandardService   : Starting service [Tomcat]
2025-05-11T05:31:19.773+05:30  INFO 9852 --- [JPArelation] [main] o.apache.catalina.core.StandardEngine    : Starting Servlet engine: [Apache Tomcat/10.1.40]
2025-05-11T05:31:19.866+05:30  INFO 9852 --- [JPArelation] [main] o.a.c.c.C.[Tomcat].[localhost].[/]       : Initializing Spring embedded WebApplicationContext
2025-05-11T05:31:19.866+05:30  INFO 9852 --- [JPArelation] [main] w.s.c.ServletWebServerApplicationContext : Root WebApplicationContext: initialization completed in 2294 ms
2025-05-11T05:31:20.117+05:30  INFO 9852 --- [JPArelation] [main] com.zaxxer.hikari.HikariDataSource       : HikariPool-1 - Starting...
2025-05-11T05:31:20.481+05:30  INFO 9852 --- [JPArelation] [main] com.zaxxer.hikari.pool.HikariPool        : HikariPool-1 - Added connection conn0: url=jdbc:h2:mem:test user=SA
2025-05-11T05:31:20.483+05:30  INFO 9852 --- [JPArelation] [main] com.zaxxer.hikari.HikariDataSource       : HikariPool-1 - Start completed.
2025-05-11T05:31:20.566+05:30  INFO 9852 --- [JPArelation] [main] o.hibernate.jpa.internal.util.LogHelper  : HHH000204: Processing PersistenceUnitInfo [name: default]
2025-05-11T05:31:20.674+05:30  INFO 9852 --- [JPArelation] [main] org.hibernate.Version                    : HHH000412: Hibernate ORM core version 6.6.13.Final
2025-05-11T05:31:20.844+05:30  INFO 9852 --- [JPArelation] [main] o.h.c.internal.RegionFactoryInitiator    : HHH000026: Second-level cache disabled
2025-05-11T05:31:21.290+05:30  INFO 9852 --- [JPArelation] [main] o.s.o.j.p.SpringPersistenceUnitInfo      : No LoadTimeWeaver setup: ignoring JPA class transformer
2025-05-11T05:31:21.437+05:30  INFO 9852 --- [JPArelation] [main] org.hibernate.orm.connections.pooling    : HHH10001005: Database info:
	Database JDBC URL [Connecting through datasource 'HikariDataSource (HikariPool-1)']
	Database driver: undefined/unknown
	Database version: 2.3.232
	Autocommit mode: undefined/unknown
	Isolation level: undefined/unknown
	Minimum pool size: undefined/unknown
	Maximum pool size: undefined/unknown
2025-05-11T05:31:22.627+05:30  INFO 9852 --- [JPArelation] [main] o.h.e.t.j.p.i.JtaPlatformInitiator       : HHH000489: No JTA platform available (set 'hibernate.transaction.jta.platform' to enable JTA platform integration)
2025-05-11T05:31:22.690+05:30  INFO 9852 --- [JPArelation] [main] j.LocalContainerEntityManagerFactoryBean : Initialized JPA EntityManagerFactory for persistence unit 'default'
2025-05-11T05:31:23.545+05:30  INFO 9852 --- [JPArelation] [main] o.s.b.a.h2.H2ConsoleAutoConfiguration    : H2 console available at '/h2-console'. Database available at 'jdbc:h2:mem:test'
2025-05-11T05:31:23.661+05:30  INFO 9852 --- [JPArelation] [main] o.s.b.w.embedded.tomcat.TomcatWebServer  : Tomcat started on port 8080 (http) with context path '/'
2025-05-11T05:31:23.674+05:30  INFO 9852 --- [JPArelation] [main] c.J.JPArelation.JpArelationApplication   : Started JpArelationApplication in 7.125 seconds (process running for 7.905)
2025-05-11T05:32:01.745+05:30  INFO 9852 --- [JPArelation] [http-nio-8080-exec-1] o.a.c.c.C.[Tomcat].[localhost].[/]       : Initializing Spring DispatcherServlet 'dispatcherServlet'
2025-05-11T05:32:01.746+05:30  INFO 9852 --- [JPArelation] [http-nio-8080-exec-1] o.s.web.servlet.DispatcherServlet        : Initializing Servlet 'dispatcherServlet'
2025-05-11T05:32:01.748+05:30  INFO 9852 --- [JPArelation] [http-nio-8080-exec-1] o.s.web.servlet.DispatcherServlet        : Completed initialization in 2 ms
2025-05-11T05:32:01.875+05:30  WARN 9852 --- [JPArelation] [http-nio-8080-exec-1] o.h.engine.jdbc.spi.SqlExceptionHelper   : SQL Error: 23503, SQLState: 23503
2025-05-11T05:32:01.875+05:30 ERROR 9852 --- [JPArelation] [http-nio-8080-exec-1] o.h.engine.jdbc.spi.SqlExceptionHelper   : Referential integrity constraint violation: "FKE1UOWV0K023INXELPJXIKACHG: PUBLIC.POST FOREIGN KEY(USER_ID) REFERENCES PUBLIC.SOCIAL_USER(ID) (CAST(1 AS BIGINT))"; SQL statement:
delete from social_user where id=? [23503-232]
2025-05-11T05:32:01.890+05:30 ERROR 9852 --- [JPArelation] [http-nio-8080-exec-1] o.a.c.c.C.[.[.[/].[dispatcherServlet]    : Servlet.service() for servlet [dispatcherServlet] in context with path [] threw exception [Request processing failed: org.springframework.dao.DataIntegrityViolationException: could not execute statement [Referential integrity constraint violation: "FKE1UOWV0K023INXELPJXIKACHG: PUBLIC.POST FOREIGN KEY(USER_ID) REFERENCES PUBLIC.SOCIAL_USER(ID) (CAST(1 AS BIGINT))"; SQL statement:
delete from social_user where id=? [23503-232]] [delete from social_user where id=?]; SQL [delete from social_user where id=?]; constraint [FKE1UOWV0K023INXELPJXIKACHG: PUBLIC.POST FOREIGN KEY(USER_ID) REFERENCES PUBLIC.SOCIAL_USER(ID) (CAST(1 AS BIGINT)); SQL statement:
delete from social_user where id=? [23503-232]]] with root cause

org.h2.jdbc.JdbcSQLIntegrityConstraintViolationException: Referential integrity constraint violation: "FKE1UOWV0K023INXELPJXIKACHG: PUBLIC.POST FOREIGN KEY(USER_ID) REFERENCES PUBLIC.SOCIAL_USER(ID) (CAST(1 AS BIGINT))"; SQL statement:
delete from social_user where id=? [23503-232]
	at org.h2.message.DbException.getJdbcSQLException(DbException.java:520) ~[h2-2.3.232.jar:2.3.232]
	at org.h2.message.DbException.getJdbcSQLException(DbException.java:489) ~[h2-2.3.232.jar:2.3.232]
	at org.h2.message.DbException.get(DbException.java:223) ~[h2-2.3.232.jar:2.3.232]
	at org.h2.message.DbException.get(DbException.java:199) ~[h2-2.3.232.jar:2.3.232]
	at org.h2.constraint.ConstraintReferential.checkRow(ConstraintReferential.java:362) ~[h2-2.3.232.jar:2.3.232]
	at org.h2.constraint.ConstraintReferential.checkRowRefTable(ConstraintReferential.java:379) ~[h2-2.3.232.jar:2.3.232]
	at org.h2.constraint.ConstraintReferential.checkRow(ConstraintReferential.java:253) ~[h2-2.3.232.jar:2.3.232]
	at org.h2.table.Table.fireConstraints(Table.java:1227) ~[h2-2.3.232.jar:2.3.232]
	at org.h2.table.Table.fireAfterRow(Table.java:1245) ~[h2-2.3.232.jar:2.3.232]
	at org.h2.command.dml.Delete.update(Delete.java:92) ~[h2-2.3.232.jar:2.3.232]
	at org.h2.command.dml.DataChangeStatement.update(DataChangeStatement.java:74) ~[h2-2.3.232.jar:2.3.232]
	at org.h2.command.CommandContainer.update(CommandContainer.java:139) ~[h2-2.3.232.jar:2.3.232]
	at org.h2.command.Command.executeUpdate(Command.java:304) ~[h2-2.3.232.jar:2.3.232]
	at org.h2.command.Command.executeUpdate(Command.java:248) ~[h2-2.3.232.jar:2.3.232]
	at org.h2.jdbc.JdbcPreparedStatement.executeUpdateInternal(JdbcPreparedStatement.java:213) ~[h2-2.3.232.jar:2.3.232]
	at org.h2.jdbc.JdbcPreparedStatement.executeUpdate(JdbcPreparedStatement.java:172) ~[h2-2.3.232.jar:2.3.232]
	at com.zaxxer.hikari.pool.ProxyPreparedStatement.executeUpdate(ProxyPreparedStatement.java:61) ~[HikariCP-5.1.0.jar:na]
	at com.zaxxer.hikari.pool.HikariProxyPreparedStatement.executeUpdate(HikariProxyPreparedStatement.java) ~[HikariCP-5.1.0.jar:na]
	at org.hibernate.engine.jdbc.internal.ResultSetReturnImpl.executeUpdate(ResultSetReturnImpl.java:194) ~[hibernate-core-6.6.13.Final.jar:6.6.13.Final]
	at org.hibernate.engine.jdbc.mutation.internal.AbstractMutationExecutor.performNonBatchedMutation(AbstractMutationExecutor.java:134) ~[hibernate-core-6.6.13.Final.jar:6.6.13.Final]
	at org.hibernate.engine.jdbc.mutation.internal.MutationExecutorSingleNonBatched.performNonBatchedOperations(MutationExecutorSingleNonBatched.java:55) ~[hibernate-core-6.6.13.Final.jar:6.6.13.Final]
	at org.hibernate.engine.jdbc.mutation.internal.AbstractMutationExecutor.execute(AbstractMutationExecutor.java:55) ~[hibernate-core-6.6.13.Final.jar:6.6.13.Final]
	at org.hibernate.persister.entity.mutation.AbstractDeleteCoordinator.doStaticDelete(AbstractDeleteCoordinator.java:279) ~[hibernate-core-6.6.13.Final.jar:6.6.13.Final]
	at org.hibernate.persister.entity.mutation.AbstractDeleteCoordinator.delete(AbstractDeleteCoordinator.java:87) ~[hibernate-core-6.6.13.Final.jar:6.6.13.Final]
	at org.hibernate.action.internal.EntityDeleteAction.execute(EntityDeleteAction.java:131) ~[hibernate-core-6.6.13.Final.jar:6.6.13.Final]
	at org.hibernate.engine.spi.ActionQueue.executeActions(ActionQueue.java:644) ~[hibernate-core-6.6.13.Final.jar:6.6.13.Final]
	at org.hibernate.engine.spi.ActionQueue.executeActions(ActionQueue.java:511) ~[hibernate-core-6.6.13.Final.jar:6.6.13.Final]
	at org.hibernate.event.internal.AbstractFlushingEventListener.performExecutions(AbstractFlushingEventListener.java:414) ~[hibernate-core-6.6.13.Final.jar:6.6.13.Final]
	at org.hibernate.event.internal.DefaultFlushEventListener.onFlush(DefaultFlushEventListener.java:41) ~[hibernate-core-6.6.13.Final.jar:6.6.13.Final]
	at org.hibernate.event.service.internal.EventListenerGroupImpl.fireEventOnEachListener(EventListenerGroupImpl.java:127) ~[hibernate-core-6.6.13.Final.jar:6.6.13.Final]
	at org.hibernate.internal.SessionImpl.doFlush(SessionImpl.java:1429) ~[hibernate-core-6.6.13.Final.jar:6.6.13.Final]
	at org.hibernate.internal.SessionImpl.managedFlush(SessionImpl.java:491) ~[hibernate-core-6.6.13.Final.jar:6.6.13.Final]
	at org.hibernate.internal.SessionImpl.flushBeforeTransactionCompletion(SessionImpl.java:2354) ~[hibernate-core-6.6.13.Final.jar:6.6.13.Final]
	at org.hibernate.internal.SessionImpl.beforeTransactionCompletion(SessionImpl.java:1978) ~[hibernate-core-6.6.13.Final.jar:6.6.13.Final]
	at org.hibernate.engine.jdbc.internal.JdbcCoordinatorImpl.beforeTransactionCompletion(JdbcCoordinatorImpl.java:439) ~[hibernate-core-6.6.13.Final.jar:6.6.13.Final]
	at org.hibernate.resource.transaction.backend.jdbc.internal.JdbcResourceLocalTransactionCoordinatorImpl.beforeCompletionCallback(JdbcResourceLocalTransactionCoordinatorImpl.java:169) ~[hibernate-core-6.6.13.Final.jar:6.6.13.Final]
	at org.hibernate.resource.transaction.backend.jdbc.internal.JdbcResourceLocalTransactionCoordinatorImpl$TransactionDriverControlImpl.commit(JdbcResourceLocalTransactionCoordinatorImpl.java:267) ~[hibernate-core-6.6.13.Final.jar:6.6.13.Final]
	at org.hibernate.engine.transaction.internal.TransactionImpl.commit(TransactionImpl.java:101) ~[hibernate-core-6.6.13.Final.jar:6.6.13.Final]
	at org.springframework.orm.jpa.JpaTransactionManager.doCommit(JpaTransactionManager.java:562) ~[spring-orm-6.2.6.jar:6.2.6]
	at org.springframework.transaction.support.AbstractPlatformTransactionManager.processCommit(AbstractPlatformTransactionManager.java:795) ~[spring-tx-6.2.6.jar:6.2.6]
	at org.springframework.transaction.support.AbstractPlatformTransactionManager.commit(AbstractPlatformTransactionManager.java:758) ~[spring-tx-6.2.6.jar:6.2.6]
	at org.springframework.transaction.interceptor.TransactionAspectSupport.commitTransactionAfterReturning(TransactionAspectSupport.java:698) ~[spring-tx-6.2.6.jar:6.2.6]
	at org.springframework.transaction.interceptor.TransactionAspectSupport.invokeWithinTransaction(TransactionAspectSupport.java:416) ~[spring-tx-6.2.6.jar:6.2.6]
	at org.springframework.transaction.interceptor.TransactionInterceptor.invoke(TransactionInterceptor.java:119) ~[spring-tx-6.2.6.jar:6.2.6]
	at org.springframework.aop.framework.ReflectiveMethodInvocation.proceed(ReflectiveMethodInvocation.java:184) ~[spring-aop-6.2.6.jar:6.2.6]
	at org.springframework.dao.support.PersistenceExceptionTranslationInterceptor.invoke(PersistenceExceptionTranslationInterceptor.java:138) ~[spring-tx-6.2.6.jar:6.2.6]
	at org.springframework.aop.framework.ReflectiveMethodInvocation.proceed(ReflectiveMethodInvocation.java:184) ~[spring-aop-6.2.6.jar:6.2.6]
	at org.springframework.data.jpa.repository.support.CrudMethodMetadataPostProcessor$CrudMethodMetadataPopulatingMethodInterceptor.invoke(CrudMethodMetadataPostProcessor.java:165) ~[spring-data-jpa-3.4.5.jar:3.4.5]
	at org.springframework.aop.framework.ReflectiveMethodInvocation.proceed(ReflectiveMethodInvocation.java:184) ~[spring-aop-6.2.6.jar:6.2.6]
	at org.springframework.aop.framework.JdkDynamicAopProxy.invoke(JdkDynamicAopProxy.java:223) ~[spring-aop-6.2.6.jar:6.2.6]
	at jdk.proxy2/jdk.proxy2.$Proxy119.delete(Unknown Source) ~[na:na]
	at com.JPA.JPArelation.Service.SocialService.deleteUser(SocialService.java:28) ~[classes/:na]
	at com.JPA.JPArelation.Controller.SocialController.deleteUser(SocialController.java:35) ~[classes/:na]
	at java.base/jdk.internal.reflect.DirectMethodHandleAccessor.invoke(DirectMethodHandleAccessor.java:103) ~[na:na]
	at java.base/java.lang.reflect.Method.invoke(Method.java:580) ~[na:na]
	at org.springframework.web.method.support.InvocableHandlerMethod.doInvoke(InvocableHandlerMethod.java:258) ~[spring-web-6.2.6.jar:6.2.6]
	at org.springframework.web.method.support.InvocableHandlerMethod.invokeForRequest(InvocableHandlerMethod.java:191) ~[spring-web-6.2.6.jar:6.2.6]
	at org.springframework.web.servlet.mvc.method.annotation.ServletInvocableHandlerMethod.invokeAndHandle(ServletInvocableHandlerMethod.java:118) ~[spring-webmvc-6.2.6.jar:6.2.6]
	at org.springframework.web.servlet.mvc.method.annotation.RequestMappingHandlerAdapter.invokeHandlerMethod(RequestMappingHandlerAdapter.java:986) ~[spring-webmvc-6.2.6.jar:6.2.6]
	at org.springframework.web.servlet.mvc.method.annotation.RequestMappingHandlerAdapter.handleInternal(RequestMappingHandlerAdapter.java:891) ~[spring-webmvc-6.2.6.jar:6.2.6]
	at org.springframework.web.servlet.mvc.method.AbstractHandlerMethodAdapter.handle(AbstractHandlerMethodAdapter.java:87) ~[spring-webmvc-6.2.6.jar:6.2.6]
	at org.springframework.web.servlet.DispatcherServlet.doDispatch(DispatcherServlet.java:1089) ~[spring-webmvc-6.2.6.jar:6.2.6]
	at org.springframework.web.servlet.DispatcherServlet.doService(DispatcherServlet.java:979) ~[spring-webmvc-6.2.6.jar:6.2.6]
	at org.springframework.web.servlet.FrameworkServlet.processRequest(FrameworkServlet.java:1014) ~[spring-webmvc-6.2.6.jar:6.2.6]
	at org.springframework.web.servlet.FrameworkServlet.doDelete(FrameworkServlet.java:936) ~[spring-webmvc-6.2.6.jar:6.2.6]
	at jakarta.servlet.http.HttpServlet.service(HttpServlet.java:596) ~[tomcat-embed-core-10.1.40.jar:6.0]
	at org.springframework.web.servlet.FrameworkServlet.service(FrameworkServlet.java:885) ~[spring-webmvc-6.2.6.jar:6.2.6]
	at jakarta.servlet.http.HttpServlet.service(HttpServlet.java:658) ~[tomcat-embed-core-10.1.40.jar:6.0]
	at org.apache.catalina.core.ApplicationFilterChain.internalDoFilter(ApplicationFilterChain.java:195) ~[tomcat-embed-core-10.1.40.jar:10.1.40]
	at org.apache.catalina.core.ApplicationFilterChain.doFilter(ApplicationFilterChain.java:140) ~[tomcat-embed-core-10.1.40.jar:10.1.40]
	at org.apache.tomcat.websocket.server.WsFilter.doFilter(WsFilter.java:51) ~[tomcat-embed-websocket-10.1.40.jar:10.1.40]
	at org.apache.catalina.core.ApplicationFilterChain.internalDoFilter(ApplicationFilterChain.java:164) ~[tomcat-embed-core-10.1.40.jar:10.1.40]
	at org.apache.catalina.core.ApplicationFilterChain.doFilter(ApplicationFilterChain.java:140) ~[tomcat-embed-core-10.1.40.jar:10.1.40]
	at org.springframework.web.filter.RequestContextFilter.doFilterInternal(RequestContextFilter.java:100) ~[spring-web-6.2.6.jar:6.2.6]
	at org.springframework.web.filter.OncePerRequestFilter.doFilter(OncePerRequestFilter.java:116) ~[spring-web-6.2.6.jar:6.2.6]
	at org.apache.catalina.core.ApplicationFilterChain.internalDoFilter(ApplicationFilterChain.java:164) ~[tomcat-embed-core-10.1.40.jar:10.1.40]
	at org.apache.catalina.core.ApplicationFilterChain.doFilter(ApplicationFilterChain.java:140) ~[tomcat-embed-core-10.1.40.jar:10.1.40]
	at org.springframework.web.filter.FormContentFilter.doFilterInternal(FormContentFilter.java:93) ~[spring-web-6.2.6.jar:6.2.6]
	at org.springframework.web.filter.OncePerRequestFilter.doFilter(OncePerRequestFilter.java:116) ~[spring-web-6.2.6.jar:6.2.6]
	at org.apache.catalina.core.ApplicationFilterChain.internalDoFilter(ApplicationFilterChain.java:164) ~[tomcat-embed-core-10.1.40.jar:10.1.40]
	at org.apache.catalina.core.ApplicationFilterChain.doFilter(ApplicationFilterChain.java:140) ~[tomcat-embed-core-10.1.40.jar:10.1.40]
	at org.springframework.web.filter.CharacterEncodingFilter.doFilterInternal(CharacterEncodingFilter.java:201) ~[spring-web-6.2.6.jar:6.2.6]
	at org.springframework.web.filter.OncePerRequestFilter.doFilter(OncePerRequestFilter.java:116) ~[spring-web-6.2.6.jar:6.2.6]
	at org.apache.catalina.core.ApplicationFilterChain.internalDoFilter(ApplicationFilterChain.java:164) ~[tomcat-embed-core-10.1.40.jar:10.1.40]
	at org.apache.catalina.core.ApplicationFilterChain.doFilter(ApplicationFilterChain.java:140) ~[tomcat-embed-core-10.1.40.jar:10.1.40]
	at org.apache.catalina.core.StandardWrapperValve.invoke(StandardWrapperValve.java:167) ~[tomcat-embed-core-10.1.40.jar:10.1.40]
	at org.apache.catalina.core.StandardContextValve.invoke(StandardContextValve.java:90) ~[tomcat-embed-core-10.1.40.jar:10.1.40]
	at org.apache.catalina.authenticator.AuthenticatorBase.invoke(AuthenticatorBase.java:483) ~[tomcat-embed-core-10.1.40.jar:10.1.40]
	at org.apache.catalina.core.StandardHostValve.invoke(StandardHostValve.java:116) ~[tomcat-embed-core-10.1.40.jar:10.1.40]
	at org.apache.catalina.valves.ErrorReportValve.invoke(ErrorReportValve.java:93) ~[tomcat-embed-core-10.1.40.jar:10.1.40]
	at org.apache.catalina.core.StandardEngineValve.invoke(StandardEngineValve.java:74) ~[tomcat-embed-core-10.1.40.jar:10.1.40]
	at org.apache.catalina.connector.CoyoteAdapter.service(CoyoteAdapter.java:344) ~[tomcat-embed-core-10.1.40.jar:10.1.40]
	at org.apache.coyote.http11.Http11Processor.service(Http11Processor.java:398) ~[tomcat-embed-core-10.1.40.jar:10.1.40]
	at org.apache.coyote.AbstractProcessorLight.process(AbstractProcessorLight.java:63) ~[tomcat-embed-core-10.1.40.jar:10.1.40]
	at org.apache.coyote.AbstractProtocol$ConnectionHandler.process(AbstractProtocol.java:903) ~[tomcat-embed-core-10.1.40.jar:10.1.40]
	at org.apache.tomcat.util.net.NioEndpoint$SocketProcessor.doRun(NioEndpoint.java:1740) ~[tomcat-embed-core-10.1.40.jar:10.1.40]
	at org.apache.tomcat.util.net.SocketProcessorBase.run(SocketProcessorBase.java:52) ~[tomcat-embed-core-10.1.40.jar:10.1.40]
	at org.apache.tomcat.util.threads.ThreadPoolExecutor.runWorker(ThreadPoolExecutor.java:1189) ~[tomcat-embed-core-10.1.40.jar:10.1.40]
	at org.apache.tomcat.util.threads.ThreadPoolExecutor$Worker.run(ThreadPoolExecutor.java:658) ~[tomcat-embed-core-10.1.40.jar:10.1.40]
	at org.apache.tomcat.util.threads.TaskThread$WrappingRunnable.run(TaskThread.java:63) ~[tomcat-embed-core-10.1.40.jar:10.1.40]
	at java.base/java.lang.Thread.run(Thread.java:1583) ~[na:na]

2025-05-11T05:34:29.267+05:30  WARN 9852 --- [JPArelation] [http-nio-8080-exec-5] o.h.engine.jdbc.spi.SqlExceptionHelper   : SQL Error: 23503, SQLState: 23503
2025-05-11T05:34:29.267+05:30 ERROR 9852 --- [JPArelation] [http-nio-8080-exec-5] o.h.engine.jdbc.spi.SqlExceptionHelper   : Referential integrity constraint violation: "FKE1UOWV0K023INXELPJXIKACHG: PUBLIC.POST FOREIGN KEY(USER_ID) REFERENCES PUBLIC.SOCIAL_USER(ID) (CAST(1 AS BIGINT))"; SQL statement:
delete from social_user where id=? [23503-232]
2025-05-11T05:34:29.273+05:30 ERROR 9852 --- [JPArelation] [http-nio-8080-exec-5] o.a.c.c.C.[.[.[/].[dispatcherServlet]    : Servlet.service() for servlet [dispatcherServlet] in context with path [] threw exception [Request processing failed: org.springframework.dao.DataIntegrityViolationException: could not execute statement [Referential integrity constraint violation: "FKE1UOWV0K023INXELPJXIKACHG: PUBLIC.POST FOREIGN KEY(USER_ID) REFERENCES PUBLIC.SOCIAL_USER(ID) (CAST(1 AS BIGINT))"; SQL statement:
delete from social_user where id=? [23503-232]] [delete from social_user where id=?]; SQL [delete from social_user where id=?]; constraint [FKE1UOWV0K023INXELPJXIKACHG: PUBLIC.POST FOREIGN KEY(USER_ID) REFERENCES PUBLIC.SOCIAL_USER(ID) (CAST(1 AS BIGINT)); SQL statement:
delete from social_user where id=? [23503-232]]] with root cause

org.h2.jdbc.JdbcSQLIntegrityConstraintViolationException: Referential integrity constraint violation: "FKE1UOWV0K023INXELPJXIKACHG: PUBLIC.POST FOREIGN KEY(USER_ID) REFERENCES PUBLIC.SOCIAL_USER(ID) (CAST(1 AS BIGINT))"; SQL statement:
delete from social_user where id=? [23503-232]
	at org.h2.message.DbException.getJdbcSQLException(DbException.java:520) ~[h2-2.3.232.jar:2.3.232]
	at org.h2.message.DbException.getJdbcSQLException(DbException.java:489) ~[h2-2.3.232.jar:2.3.232]
	at org.h2.message.DbException.get(DbException.java:223) ~[h2-2.3.232.jar:2.3.232]
	at org.h2.message.DbException.get(DbException.java:199) ~[h2-2.3.232.jar:2.3.232]
	at org.h2.constraint.ConstraintReferential.checkRow(ConstraintReferential.java:362) ~[h2-2.3.232.jar:2.3.232]
	at org.h2.constraint.ConstraintReferential.checkRowRefTable(ConstraintReferential.java:379) ~[h2-2.3.232.jar:2.3.232]
	at org.h2.constraint.ConstraintReferential.checkRow(ConstraintReferential.java:253) ~[h2-2.3.232.jar:2.3.232]
	at org.h2.table.Table.fireConstraints(Table.java:1227) ~[h2-2.3.232.jar:2.3.232]
	at org.h2.table.Table.fireAfterRow(Table.java:1245) ~[h2-2.3.232.jar:2.3.232]
	at org.h2.command.dml.Delete.update(Delete.java:92) ~[h2-2.3.232.jar:2.3.232]
	at org.h2.command.dml.DataChangeStatement.update(DataChangeStatement.java:74) ~[h2-2.3.232.jar:2.3.232]
	at org.h2.command.CommandContainer.update(CommandContainer.java:139) ~[h2-2.3.232.jar:2.3.232]
	at org.h2.command.Command.executeUpdate(Command.java:304) ~[h2-2.3.232.jar:2.3.232]
	at org.h2.command.Command.executeUpdate(Command.java:248) ~[h2-2.3.232.jar:2.3.232]
	at org.h2.jdbc.JdbcPreparedStatement.executeUpdateInternal(JdbcPreparedStatement.java:213) ~[h2-2.3.232.jar:2.3.232]
	at org.h2.jdbc.JdbcPreparedStatement.executeUpdate(JdbcPreparedStatement.java:172) ~[h2-2.3.232.jar:2.3.232]
	at com.zaxxer.hikari.pool.ProxyPreparedStatement.executeUpdate(ProxyPreparedStatement.java:61) ~[HikariCP-5.1.0.jar:na]
	at com.zaxxer.hikari.pool.HikariProxyPreparedStatement.executeUpdate(HikariProxyPreparedStatement.java) ~[HikariCP-5.1.0.jar:na]
	at org.hibernate.engine.jdbc.internal.ResultSetReturnImpl.executeUpdate(ResultSetReturnImpl.java:194) ~[hibernate-core-6.6.13.Final.jar:6.6.13.Final]
	at org.hibernate.engine.jdbc.mutation.internal.AbstractMutationExecutor.performNonBatchedMutation(AbstractMutationExecutor.java:134) ~[hibernate-core-6.6.13.Final.jar:6.6.13.Final]
	at org.hibernate.engine.jdbc.mutation.internal.MutationExecutorSingleNonBatched.performNonBatchedOperations(MutationExecutorSingleNonBatched.java:55) ~[hibernate-core-6.6.13.Final.jar:6.6.13.Final]
	at org.hibernate.engine.jdbc.mutation.internal.AbstractMutationExecutor.execute(AbstractMutationExecutor.java:55) ~[hibernate-core-6.6.13.Final.jar:6.6.13.Final]
	at org.hibernate.persister.entity.mutation.AbstractDeleteCoordinator.doStaticDelete(AbstractDeleteCoordinator.java:279) ~[hibernate-core-6.6.13.Final.jar:6.6.13.Final]
	at org.hibernate.persister.entity.mutation.AbstractDeleteCoordinator.delete(AbstractDeleteCoordinator.java:87) ~[hibernate-core-6.6.13.Final.jar:6.6.13.Final]
	at org.hibernate.action.internal.EntityDeleteAction.execute(EntityDeleteAction.java:131) ~[hibernate-core-6.6.13.Final.jar:6.6.13.Final]
	at org.hibernate.engine.spi.ActionQueue.executeActions(ActionQueue.java:644) ~[hibernate-core-6.6.13.Final.jar:6.6.13.Final]
	at org.hibernate.engine.spi.ActionQueue.executeActions(ActionQueue.java:511) ~[hibernate-core-6.6.13.Final.jar:6.6.13.Final]
	at org.hibernate.event.internal.AbstractFlushingEventListener.performExecutions(AbstractFlushingEventListener.java:414) ~[hibernate-core-6.6.13.Final.jar:6.6.13.Final]
	at org.hibernate.event.internal.DefaultFlushEventListener.onFlush(DefaultFlushEventListener.java:41) ~[hibernate-core-6.6.13.Final.jar:6.6.13.Final]
	at org.hibernate.event.service.internal.EventListenerGroupImpl.fireEventOnEachListener(EventListenerGroupImpl.java:127) ~[hibernate-core-6.6.13.Final.jar:6.6.13.Final]
	at org.hibernate.internal.SessionImpl.doFlush(SessionImpl.java:1429) ~[hibernate-core-6.6.13.Final.jar:6.6.13.Final]
	at org.hibernate.internal.SessionImpl.managedFlush(SessionImpl.java:491) ~[hibernate-core-6.6.13.Final.jar:6.6.13.Final]
	at org.hibernate.internal.SessionImpl.flushBeforeTransactionCompletion(SessionImpl.java:2354) ~[hibernate-core-6.6.13.Final.jar:6.6.13.Final]
	at org.hibernate.internal.SessionImpl.beforeTransactionCompletion(SessionImpl.java:1978) ~[hibernate-core-6.6.13.Final.jar:6.6.13.Final]
	at org.hibernate.engine.jdbc.internal.JdbcCoordinatorImpl.beforeTransactionCompletion(JdbcCoordinatorImpl.java:439) ~[hibernate-core-6.6.13.Final.jar:6.6.13.Final]
	at org.hibernate.resource.transaction.backend.jdbc.internal.JdbcResourceLocalTransactionCoordinatorImpl.beforeCompletionCallback(JdbcResourceLocalTransactionCoordinatorImpl.java:169) ~[hibernate-core-6.6.13.Final.jar:6.6.13.Final]
	at org.hibernate.resource.transaction.backend.jdbc.internal.JdbcResourceLocalTransactionCoordinatorImpl$TransactionDriverControlImpl.commit(JdbcResourceLocalTransactionCoordinatorImpl.java:267) ~[hibernate-core-6.6.13.Final.jar:6.6.13.Final]
	at org.hibernate.engine.transaction.internal.TransactionImpl.commit(TransactionImpl.java:101) ~[hibernate-core-6.6.13.Final.jar:6.6.13.Final]
	at org.springframework.orm.jpa.JpaTransactionManager.doCommit(JpaTransactionManager.java:562) ~[spring-orm-6.2.6.jar:6.2.6]
	at org.springframework.transaction.support.AbstractPlatformTransactionManager.processCommit(AbstractPlatformTransactionManager.java:795) ~[spring-tx-6.2.6.jar:6.2.6]
	at org.springframework.transaction.support.AbstractPlatformTransactionManager.commit(AbstractPlatformTransactionManager.java:758) ~[spring-tx-6.2.6.jar:6.2.6]
	at org.springframework.transaction.interceptor.TransactionAspectSupport.commitTransactionAfterReturning(TransactionAspectSupport.java:698) ~[spring-tx-6.2.6.jar:6.2.6]
	at org.springframework.transaction.interceptor.TransactionAspectSupport.invokeWithinTransaction(TransactionAspectSupport.java:416) ~[spring-tx-6.2.6.jar:6.2.6]
	at org.springframework.transaction.interceptor.TransactionInterceptor.invoke(TransactionInterceptor.java:119) ~[spring-tx-6.2.6.jar:6.2.6]
	at org.springframework.aop.framework.ReflectiveMethodInvocation.proceed(ReflectiveMethodInvocation.java:184) ~[spring-aop-6.2.6.jar:6.2.6]
	at org.springframework.dao.support.PersistenceExceptionTranslationInterceptor.invoke(PersistenceExceptionTranslationInterceptor.java:138) ~[spring-tx-6.2.6.jar:6.2.6]
	at org.springframework.aop.framework.ReflectiveMethodInvocation.proceed(ReflectiveMethodInvocation.java:184) ~[spring-aop-6.2.6.jar:6.2.6]
	at org.springframework.data.jpa.repository.support.CrudMethodMetadataPostProcessor$CrudMethodMetadataPopulatingMethodInterceptor.invoke(CrudMethodMetadataPostProcessor.java:165) ~[spring-data-jpa-3.4.5.jar:3.4.5]
	at org.springframework.aop.framework.ReflectiveMethodInvocation.proceed(ReflectiveMethodInvocation.java:184) ~[spring-aop-6.2.6.jar:6.2.6]
	at org.springframework.aop.framework.JdkDynamicAopProxy.invoke(JdkDynamicAopProxy.java:223) ~[spring-aop-6.2.6.jar:6.2.6]
	at jdk.proxy2/jdk.proxy2.$Proxy119.delete(Unknown Source) ~[na:na]
	at com.JPA.JPArelation.Service.SocialService.deleteUser(SocialService.java:28) ~[classes/:na]
	at com.JPA.JPArelation.Controller.SocialController.deleteUser(SocialController.java:35) ~[classes/:na]
	at java.base/jdk.internal.reflect.DirectMethodHandleAccessor.invoke(DirectMethodHandleAccessor.java:103) ~[na:na]
	at java.base/java.lang.reflect.Method.invoke(Method.java:580) ~[na:na]
	at org.springframework.web.method.support.InvocableHandlerMethod.doInvoke(InvocableHandlerMethod.java:258) ~[spring-web-6.2.6.jar:6.2.6]
	at org.springframework.web.method.support.InvocableHandlerMethod.invokeForRequest(InvocableHandlerMethod.java:191) ~[spring-web-6.2.6.jar:6.2.6]
	at org.springframework.web.servlet.mvc.method.annotation.ServletInvocableHandlerMethod.invokeAndHandle(ServletInvocableHandlerMethod.java:118) ~[spring-webmvc-6.2.6.jar:6.2.6]
	at org.springframework.web.servlet.mvc.method.annotation.RequestMappingHandlerAdapter.invokeHandlerMethod(RequestMappingHandlerAdapter.java:986) ~[spring-webmvc-6.2.6.jar:6.2.6]
	at org.springframework.web.servlet.mvc.method.annotation.RequestMappingHandlerAdapter.handleInternal(RequestMappingHandlerAdapter.java:891) ~[spring-webmvc-6.2.6.jar:6.2.6]
	at org.springframework.web.servlet.mvc.method.AbstractHandlerMethodAdapter.handle(AbstractHandlerMethodAdapter.java:87) ~[spring-webmvc-6.2.6.jar:6.2.6]
	at org.springframework.web.servlet.DispatcherServlet.doDispatch(DispatcherServlet.java:1089) ~[spring-webmvc-6.2.6.jar:6.2.6]
	at org.springframework.web.servlet.DispatcherServlet.doService(DispatcherServlet.java:979) ~[spring-webmvc-6.2.6.jar:6.2.6]
	at org.springframework.web.servlet.FrameworkServlet.processRequest(FrameworkServlet.java:1014) ~[spring-webmvc-6.2.6.jar:6.2.6]
	at org.springframework.web.servlet.FrameworkServlet.doDelete(FrameworkServlet.java:936) ~[spring-webmvc-6.2.6.jar:6.2.6]
	at jakarta.servlet.http.HttpServlet.service(HttpServlet.java:596) ~[tomcat-embed-core-10.1.40.jar:6.0]
	at org.springframework.web.servlet.FrameworkServlet.service(FrameworkServlet.java:885) ~[spring-webmvc-6.2.6.jar:6.2.6]
	at jakarta.servlet.http.HttpServlet.service(HttpServlet.java:658) ~[tomcat-embed-core-10.1.40.jar:6.0]
	at org.apache.catalina.core.ApplicationFilterChain.internalDoFilter(ApplicationFilterChain.java:195) ~[tomcat-embed-core-10.1.40.jar:10.1.40]
	at org.apache.catalina.core.ApplicationFilterChain.doFilter(ApplicationFilterChain.java:140) ~[tomcat-embed-core-10.1.40.jar:10.1.40]
	at org.apache.tomcat.websocket.server.WsFilter.doFilter(WsFilter.java:51) ~[tomcat-embed-websocket-10.1.40.jar:10.1.40]
	at org.apache.catalina.core.ApplicationFilterChain.internalDoFilter(ApplicationFilterChain.java:164) ~[tomcat-embed-core-10.1.40.jar:10.1.40]
	at org.apache.catalina.core.ApplicationFilterChain.doFilter(ApplicationFilterChain.java:140) ~[tomcat-embed-core-10.1.40.jar:10.1.40]
	at org.springframework.web.filter.RequestContextFilter.doFilterInternal(RequestContextFilter.java:100) ~[spring-web-6.2.6.jar:6.2.6]
	at org.springframework.web.filter.OncePerRequestFilter.doFilter(OncePerRequestFilter.java:116) ~[spring-web-6.2.6.jar:6.2.6]
	at org.apache.catalina.core.ApplicationFilterChain.internalDoFilter(ApplicationFilterChain.java:164) ~[tomcat-embed-core-10.1.40.jar:10.1.40]
	at org.apache.catalina.core.ApplicationFilterChain.doFilter(ApplicationFilterChain.java:140) ~[tomcat-embed-core-10.1.40.jar:10.1.40]
	at org.springframework.web.filter.FormContentFilter.doFilterInternal(FormContentFilter.java:93) ~[spring-web-6.2.6.jar:6.2.6]
	at org.springframework.web.filter.OncePerRequestFilter.doFilter(OncePerRequestFilter.java:116) ~[spring-web-6.2.6.jar:6.2.6]
	at org.apache.catalina.core.ApplicationFilterChain.internalDoFilter(ApplicationFilterChain.java:164) ~[tomcat-embed-core-10.1.40.jar:10.1.40]
	at org.apache.catalina.core.ApplicationFilterChain.doFilter(ApplicationFilterChain.java:140) ~[tomcat-embed-core-10.1.40.jar:10.1.40]
	at org.springframework.web.filter.CharacterEncodingFilter.doFilterInternal(CharacterEncodingFilter.java:201) ~[spring-web-6.2.6.jar:6.2.6]
	at org.springframework.web.filter.OncePerRequestFilter.doFilter(OncePerRequestFilter.java:116) ~[spring-web-6.2.6.jar:6.2.6]
	at org.apache.catalina.core.ApplicationFilterChain.internalDoFilter(ApplicationFilterChain.java:164) ~[tomcat-embed-core-10.1.40.jar:10.1.40]
	at org.apache.catalina.core.ApplicationFilterChain.doFilter(ApplicationFilterChain.java:140) ~[tomcat-embed-core-10.1.40.jar:10.1.40]
	at org.apache.catalina.core.StandardWrapperValve.invoke(StandardWrapperValve.java:167) ~[tomcat-embed-core-10.1.40.jar:10.1.40]
	at org.apache.catalina.core.StandardContextValve.invoke(StandardContextValve.java:90) ~[tomcat-embed-core-10.1.40.jar:10.1.40]
	at org.apache.catalina.authenticator.AuthenticatorBase.invoke(AuthenticatorBase.java:483) ~[tomcat-embed-core-10.1.40.jar:10.1.40]
	at org.apache.catalina.core.StandardHostValve.invoke(StandardHostValve.java:116) ~[tomcat-embed-core-10.1.40.jar:10.1.40]
	at org.apache.catalina.valves.ErrorReportValve.invoke(ErrorReportValve.java:93) ~[tomcat-embed-core-10.1.40.jar:10.1.40]
	at org.apache.catalina.core.StandardEngineValve.invoke(StandardEngineValve.java:74) ~[tomcat-embed-core-10.1.40.jar:10.1.40]
	at org.apache.catalina.connector.CoyoteAdapter.service(CoyoteAdapter.java:344) ~[tomcat-embed-core-10.1.40.jar:10.1.40]
	at org.apache.coyote.http11.Http11Processor.service(Http11Processor.java:398) ~[tomcat-embed-core-10.1.40.jar:10.1.40]
	at org.apache.coyote.AbstractProcessorLight.process(AbstractProcessorLight.java:63) ~[tomcat-embed-core-10.1.40.jar:10.1.40]
	at org.apache.coyote.AbstractProtocol$ConnectionHandler.process(AbstractProtocol.java:903) ~[tomcat-embed-core-10.1.40.jar:10.1.40]
	at org.apache.tomcat.util.net.NioEndpoint$SocketProcessor.doRun(NioEndpoint.java:1740) ~[tomcat-embed-core-10.1.40.jar:10.1.40]
	at org.apache.tomcat.util.net.SocketProcessorBase.run(SocketProcessorBase.java:52) ~[tomcat-embed-core-10.1.40.jar:10.1.40]
	at org.apache.tomcat.util.threads.ThreadPoolExecutor.runWorker(ThreadPoolExecutor.java:1189) ~[tomcat-embed-core-10.1.40.jar:10.1.40]
	at org.apache.tomcat.util.threads.ThreadPoolExecutor$Worker.run(ThreadPoolExecutor.java:658) ~[tomcat-embed-core-10.1.40.jar:10.1.40]
	at org.apache.tomcat.util.threads.TaskThread$WrappingRunnable.run(TaskThread.java:63) ~[tomcat-embed-core-10.1.40.jar:10.1.40]
	at java.base/java.lang.Thread.run(Thread.java:1583) ~[na:na]

2025-05-11T05:36:42.445+05:30  INFO 9852 --- [JPArelation] [SpringApplicationShutdownHook] o.s.b.w.e.tomcat.GracefulShutdown        : Commencing graceful shutdown. Waiting for active requests to complete
2025-05-11T05:36:42.451+05:30  INFO 9852 --- [JPArelation] [tomcat-shutdown] o.s.b.w.e.tomcat.GracefulShutdown        : Graceful shutdown complete
2025-05-11T05:36:42.453+05:30  INFO 9852 --- [JPArelation] [SpringApplicationShutdownHook] j.LocalContainerEntityManagerFactoryBean : Closing JPA EntityManagerFactory for persistence unit 'default'
2025-05-11T05:36:42.459+05:30  INFO 9852 --- [JPArelation] [SpringApplicationShutdownHook] com.zaxxer.hikari.HikariDataSource       : HikariPool-1 - Shutdown initiated...
2025-05-11T05:36:42.462+05:30  INFO 9852 --- [JPArelation] [SpringApplicationShutdownHook] com.zaxxer.hikari.HikariDataSource       : HikariPool-1 - Shutdown completed.
2025-05-11T05:36:47.087+05:30  INFO 18564 --- [JPArelation] [main] c.J.JPArelation.JpArelationApplication   : Starting JpArelationApplication using Java 21.0.1 with PID 18564 (C:\Users\mnanra\OneDrive - Capgemini\Desktop\sb-ecom\JPArelation\target\classes started by mnanra in C:\Users\mnanra\OneDrive - Capgemini\Desktop\sb-ecom\JPArelation)
2025-05-11T05:36:47.091+05:30  INFO 18564 --- [JPArelation] [main] c.J.JPArelation.JpArelationApplication   : No active profile set, falling back to 1 default profile: "default"
2025-05-11T05:36:48.135+05:30  INFO 18564 --- [JPArelation] [main] .s.d.r.c.RepositoryConfigurationDelegate : Bootstrapping Spring Data JPA repositories in DEFAULT mode.
2025-05-11T05:36:48.235+05:30  INFO 18564 --- [JPArelation] [main] .s.d.r.c.RepositoryConfigurationDelegate : Finished Spring Data repository scanning in 86 ms. Found 4 JPA repository interfaces.
2025-05-11T05:36:48.858+05:30  INFO 18564 --- [JPArelation] [main] o.s.b.w.embedded.tomcat.TomcatWebServer  : Tomcat initialized with port 8080 (http)
2025-05-11T05:36:48.875+05:30  INFO 18564 --- [JPArelation] [main] o.apache.catalina.core.StandardService   : Starting service [Tomcat]
2025-05-11T05:36:48.877+05:30  INFO 18564 --- [JPArelation] [main] o.apache.catalina.core.StandardEngine    : Starting Servlet engine: [Apache Tomcat/10.1.40]
2025-05-11T05:36:48.952+05:30  INFO 18564 --- [JPArelation] [main] o.a.c.c.C.[Tomcat].[localhost].[/]       : Initializing Spring embedded WebApplicationContext
2025-05-11T05:36:48.954+05:30  INFO 18564 --- [JPArelation] [main] w.s.c.ServletWebServerApplicationContext : Root WebApplicationContext: initialization completed in 1785 ms
2025-05-11T05:36:49.169+05:30  INFO 18564 --- [JPArelation] [main] com.zaxxer.hikari.HikariDataSource       : HikariPool-1 - Starting...
2025-05-11T05:36:49.456+05:30  INFO 18564 --- [JPArelation] [main] com.zaxxer.hikari.pool.HikariPool        : HikariPool-1 - Added connection conn0: url=jdbc:h2:mem:test user=SA
2025-05-11T05:36:49.461+05:30  INFO 18564 --- [JPArelation] [main] com.zaxxer.hikari.HikariDataSource       : HikariPool-1 - Start completed.
2025-05-11T05:36:49.556+05:30  INFO 18564 --- [JPArelation] [main] o.hibernate.jpa.internal.util.LogHelper  : HHH000204: Processing PersistenceUnitInfo [name: default]
2025-05-11T05:36:49.635+05:30  INFO 18564 --- [JPArelation] [main] org.hibernate.Version                    : HHH000412: Hibernate ORM core version 6.6.13.Final
2025-05-11T05:36:49.695+05:30  INFO 18564 --- [JPArelation] [main] o.h.c.internal.RegionFactoryInitiator    : HHH000026: Second-level cache disabled
2025-05-11T05:36:50.153+05:30  INFO 18564 --- [JPArelation] [main] o.s.o.j.p.SpringPersistenceUnitInfo      : No LoadTimeWeaver setup: ignoring JPA class transformer
2025-05-11T05:36:50.280+05:30  INFO 18564 --- [JPArelation] [main] org.hibernate.orm.connections.pooling    : HHH10001005: Database info:
	Database JDBC URL [Connecting through datasource 'HikariDataSource (HikariPool-1)']
	Database driver: undefined/unknown
	Database version: 2.3.232
	Autocommit mode: undefined/unknown
	Isolation level: undefined/unknown
	Minimum pool size: undefined/unknown
	Maximum pool size: undefined/unknown
2025-05-11T05:36:51.481+05:30  INFO 18564 --- [JPArelation] [main] o.h.e.t.j.p.i.JtaPlatformInitiator       : HHH000489: No JTA platform available (set 'hibernate.transaction.jta.platform' to enable JTA platform integration)
2025-05-11T05:36:51.541+05:30  INFO 18564 --- [JPArelation] [main] j.LocalContainerEntityManagerFactoryBean : Initialized JPA EntityManagerFactory for persistence unit 'default'
2025-05-11T05:36:52.364+05:30  INFO 18564 --- [JPArelation] [main] o.s.b.a.h2.H2ConsoleAutoConfiguration    : H2 console available at '/h2-console'. Database available at 'jdbc:h2:mem:test'
2025-05-11T05:36:52.464+05:30  INFO 18564 --- [JPArelation] [main] o.s.b.w.embedded.tomcat.TomcatWebServer  : Tomcat started on port 8080 (http) with context path '/'
2025-05-11T05:36:52.476+05:30  INFO 18564 --- [JPArelation] [main] c.J.JPArelation.JpArelationApplication   : Started JpArelationApplication in 6.119 seconds (process running for 6.836)
2025-05-11T05:37:02.285+05:30  INFO 18564 --- [JPArelation] [http-nio-8080-exec-2] o.a.c.c.C.[Tomcat].[localhost].[/]       : Initializing Spring DispatcherServlet 'dispatcherServlet'
2025-05-11T05:37:02.286+05:30  INFO 18564 --- [JPArelation] [http-nio-8080-exec-2] o.s.web.servlet.DispatcherServlet        : Initializing Servlet 'dispatcherServlet'
2025-05-11T05:37:02.288+05:30  INFO 18564 --- [JPArelation] [http-nio-8080-exec-2] o.s.web.servlet.DispatcherServlet        : Completed initialization in 2 ms
2025-05-11T05:37:05.083+05:30  WARN 18564 --- [JPArelation] [http-nio-8080-exec-3] o.h.engine.jdbc.spi.SqlExceptionHelper   : SQL Error: 23503, SQLState: 23503
2025-05-11T05:37:05.083+05:30 ERROR 18564 --- [JPArelation] [http-nio-8080-exec-3] o.h.engine.jdbc.spi.SqlExceptionHelper   : Referential integrity constraint violation: "FKE1UOWV0K023INXELPJXIKACHG: PUBLIC.POST FOREIGN KEY(USER_ID) REFERENCES PUBLIC.SOCIAL_USER(ID) (CAST(1 AS BIGINT))"; SQL statement:
delete from social_user where id=? [23503-232]
2025-05-11T05:37:05.097+05:30 ERROR 18564 --- [JPArelation] [http-nio-8080-exec-3] o.a.c.c.C.[.[.[/].[dispatcherServlet]    : Servlet.service() for servlet [dispatcherServlet] in context with path [] threw exception [Request processing failed: org.springframework.dao.DataIntegrityViolationException: could not execute statement [Referential integrity constraint violation: "FKE1UOWV0K023INXELPJXIKACHG: PUBLIC.POST FOREIGN KEY(USER_ID) REFERENCES PUBLIC.SOCIAL_USER(ID) (CAST(1 AS BIGINT))"; SQL statement:
delete from social_user where id=? [23503-232]] [delete from social_user where id=?]; SQL [delete from social_user where id=?]; constraint [FKE1UOWV0K023INXELPJXIKACHG: PUBLIC.POST FOREIGN KEY(USER_ID) REFERENCES PUBLIC.SOCIAL_USER(ID) (CAST(1 AS BIGINT)); SQL statement:
delete from social_user where id=? [23503-232]]] with root cause

org.h2.jdbc.JdbcSQLIntegrityConstraintViolationException: Referential integrity constraint violation: "FKE1UOWV0K023INXELPJXIKACHG: PUBLIC.POST FOREIGN KEY(USER_ID) REFERENCES PUBLIC.SOCIAL_USER(ID) (CAST(1 AS BIGINT))"; SQL statement:
delete from social_user where id=? [23503-232]
	at org.h2.message.DbException.getJdbcSQLException(DbException.java:520) ~[h2-2.3.232.jar:2.3.232]
	at org.h2.message.DbException.getJdbcSQLException(DbException.java:489) ~[h2-2.3.232.jar:2.3.232]
	at org.h2.message.DbException.get(DbException.java:223) ~[h2-2.3.232.jar:2.3.232]
	at org.h2.message.DbException.get(DbException.java:199) ~[h2-2.3.232.jar:2.3.232]
	at org.h2.constraint.ConstraintReferential.checkRow(ConstraintReferential.java:362) ~[h2-2.3.232.jar:2.3.232]
	at org.h2.constraint.ConstraintReferential.checkRowRefTable(ConstraintReferential.java:379) ~[h2-2.3.232.jar:2.3.232]
	at org.h2.constraint.ConstraintReferential.checkRow(ConstraintReferential.java:253) ~[h2-2.3.232.jar:2.3.232]
	at org.h2.table.Table.fireConstraints(Table.java:1227) ~[h2-2.3.232.jar:2.3.232]
	at org.h2.table.Table.fireAfterRow(Table.java:1245) ~[h2-2.3.232.jar:2.3.232]
	at org.h2.command.dml.Delete.update(Delete.java:92) ~[h2-2.3.232.jar:2.3.232]
	at org.h2.command.dml.DataChangeStatement.update(DataChangeStatement.java:74) ~[h2-2.3.232.jar:2.3.232]
	at org.h2.command.CommandContainer.update(CommandContainer.java:139) ~[h2-2.3.232.jar:2.3.232]
	at org.h2.command.Command.executeUpdate(Command.java:304) ~[h2-2.3.232.jar:2.3.232]
	at org.h2.command.Command.executeUpdate(Command.java:248) ~[h2-2.3.232.jar:2.3.232]
	at org.h2.jdbc.JdbcPreparedStatement.executeUpdateInternal(JdbcPreparedStatement.java:213) ~[h2-2.3.232.jar:2.3.232]
	at org.h2.jdbc.JdbcPreparedStatement.executeUpdate(JdbcPreparedStatement.java:172) ~[h2-2.3.232.jar:2.3.232]
	at com.zaxxer.hikari.pool.ProxyPreparedStatement.executeUpdate(ProxyPreparedStatement.java:61) ~[HikariCP-5.1.0.jar:na]
	at com.zaxxer.hikari.pool.HikariProxyPreparedStatement.executeUpdate(HikariProxyPreparedStatement.java) ~[HikariCP-5.1.0.jar:na]
	at org.hibernate.engine.jdbc.internal.ResultSetReturnImpl.executeUpdate(ResultSetReturnImpl.java:194) ~[hibernate-core-6.6.13.Final.jar:6.6.13.Final]
	at org.hibernate.engine.jdbc.mutation.internal.AbstractMutationExecutor.performNonBatchedMutation(AbstractMutationExecutor.java:134) ~[hibernate-core-6.6.13.Final.jar:6.6.13.Final]
	at org.hibernate.engine.jdbc.mutation.internal.MutationExecutorSingleNonBatched.performNonBatchedOperations(MutationExecutorSingleNonBatched.java:55) ~[hibernate-core-6.6.13.Final.jar:6.6.13.Final]
	at org.hibernate.engine.jdbc.mutation.internal.AbstractMutationExecutor.execute(AbstractMutationExecutor.java:55) ~[hibernate-core-6.6.13.Final.jar:6.6.13.Final]
	at org.hibernate.persister.entity.mutation.AbstractDeleteCoordinator.doStaticDelete(AbstractDeleteCoordinator.java:279) ~[hibernate-core-6.6.13.Final.jar:6.6.13.Final]
	at org.hibernate.persister.entity.mutation.AbstractDeleteCoordinator.delete(AbstractDeleteCoordinator.java:87) ~[hibernate-core-6.6.13.Final.jar:6.6.13.Final]
	at org.hibernate.action.internal.EntityDeleteAction.execute(EntityDeleteAction.java:131) ~[hibernate-core-6.6.13.Final.jar:6.6.13.Final]
	at org.hibernate.engine.spi.ActionQueue.executeActions(ActionQueue.java:644) ~[hibernate-core-6.6.13.Final.jar:6.6.13.Final]
	at org.hibernate.engine.spi.ActionQueue.executeActions(ActionQueue.java:511) ~[hibernate-core-6.6.13.Final.jar:6.6.13.Final]
	at org.hibernate.event.internal.AbstractFlushingEventListener.performExecutions(AbstractFlushingEventListener.java:414) ~[hibernate-core-6.6.13.Final.jar:6.6.13.Final]
	at org.hibernate.event.internal.DefaultFlushEventListener.onFlush(DefaultFlushEventListener.java:41) ~[hibernate-core-6.6.13.Final.jar:6.6.13.Final]
	at org.hibernate.event.service.internal.EventListenerGroupImpl.fireEventOnEachListener(EventListenerGroupImpl.java:127) ~[hibernate-core-6.6.13.Final.jar:6.6.13.Final]
	at org.hibernate.internal.SessionImpl.doFlush(SessionImpl.java:1429) ~[hibernate-core-6.6.13.Final.jar:6.6.13.Final]
	at org.hibernate.internal.SessionImpl.managedFlush(SessionImpl.java:491) ~[hibernate-core-6.6.13.Final.jar:6.6.13.Final]
	at org.hibernate.internal.SessionImpl.flushBeforeTransactionCompletion(SessionImpl.java:2354) ~[hibernate-core-6.6.13.Final.jar:6.6.13.Final]
	at org.hibernate.internal.SessionImpl.beforeTransactionCompletion(SessionImpl.java:1978) ~[hibernate-core-6.6.13.Final.jar:6.6.13.Final]
	at org.hibernate.engine.jdbc.internal.JdbcCoordinatorImpl.beforeTransactionCompletion(JdbcCoordinatorImpl.java:439) ~[hibernate-core-6.6.13.Final.jar:6.6.13.Final]
	at org.hibernate.resource.transaction.backend.jdbc.internal.JdbcResourceLocalTransactionCoordinatorImpl.beforeCompletionCallback(JdbcResourceLocalTransactionCoordinatorImpl.java:169) ~[hibernate-core-6.6.13.Final.jar:6.6.13.Final]
	at org.hibernate.resource.transaction.backend.jdbc.internal.JdbcResourceLocalTransactionCoordinatorImpl$TransactionDriverControlImpl.commit(JdbcResourceLocalTransactionCoordinatorImpl.java:267) ~[hibernate-core-6.6.13.Final.jar:6.6.13.Final]
	at org.hibernate.engine.transaction.internal.TransactionImpl.commit(TransactionImpl.java:101) ~[hibernate-core-6.6.13.Final.jar:6.6.13.Final]
	at org.springframework.orm.jpa.JpaTransactionManager.doCommit(JpaTransactionManager.java:562) ~[spring-orm-6.2.6.jar:6.2.6]
	at org.springframework.transaction.support.AbstractPlatformTransactionManager.processCommit(AbstractPlatformTransactionManager.java:795) ~[spring-tx-6.2.6.jar:6.2.6]
	at org.springframework.transaction.support.AbstractPlatformTransactionManager.commit(AbstractPlatformTransactionManager.java:758) ~[spring-tx-6.2.6.jar:6.2.6]
	at org.springframework.transaction.interceptor.TransactionAspectSupport.commitTransactionAfterReturning(TransactionAspectSupport.java:698) ~[spring-tx-6.2.6.jar:6.2.6]
	at org.springframework.transaction.interceptor.TransactionAspectSupport.invokeWithinTransaction(TransactionAspectSupport.java:416) ~[spring-tx-6.2.6.jar:6.2.6]
	at org.springframework.transaction.interceptor.TransactionInterceptor.invoke(TransactionInterceptor.java:119) ~[spring-tx-6.2.6.jar:6.2.6]
	at org.springframework.aop.framework.ReflectiveMethodInvocation.proceed(ReflectiveMethodInvocation.java:184) ~[spring-aop-6.2.6.jar:6.2.6]
	at org.springframework.dao.support.PersistenceExceptionTranslationInterceptor.invoke(PersistenceExceptionTranslationInterceptor.java:138) ~[spring-tx-6.2.6.jar:6.2.6]
	at org.springframework.aop.framework.ReflectiveMethodInvocation.proceed(ReflectiveMethodInvocation.java:184) ~[spring-aop-6.2.6.jar:6.2.6]
	at org.springframework.data.jpa.repository.support.CrudMethodMetadataPostProcessor$CrudMethodMetadataPopulatingMethodInterceptor.invoke(CrudMethodMetadataPostProcessor.java:165) ~[spring-data-jpa-3.4.5.jar:3.4.5]
	at org.springframework.aop.framework.ReflectiveMethodInvocation.proceed(ReflectiveMethodInvocation.java:184) ~[spring-aop-6.2.6.jar:6.2.6]
	at org.springframework.aop.framework.JdkDynamicAopProxy.invoke(JdkDynamicAopProxy.java:223) ~[spring-aop-6.2.6.jar:6.2.6]
	at jdk.proxy2/jdk.proxy2.$Proxy119.delete(Unknown Source) ~[na:na]
	at com.JPA.JPArelation.Service.SocialService.deleteUser(SocialService.java:28) ~[classes/:na]
	at com.JPA.JPArelation.Controller.SocialController.deleteUser(SocialController.java:35) ~[classes/:na]
	at java.base/jdk.internal.reflect.DirectMethodHandleAccessor.invoke(DirectMethodHandleAccessor.java:103) ~[na:na]
	at java.base/java.lang.reflect.Method.invoke(Method.java:580) ~[na:na]
	at org.springframework.web.method.support.InvocableHandlerMethod.doInvoke(InvocableHandlerMethod.java:258) ~[spring-web-6.2.6.jar:6.2.6]
	at org.springframework.web.method.support.InvocableHandlerMethod.invokeForRequest(InvocableHandlerMethod.java:191) ~[spring-web-6.2.6.jar:6.2.6]
	at org.springframework.web.servlet.mvc.method.annotation.ServletInvocableHandlerMethod.invokeAndHandle(ServletInvocableHandlerMethod.java:118) ~[spring-webmvc-6.2.6.jar:6.2.6]
	at org.springframework.web.servlet.mvc.method.annotation.RequestMappingHandlerAdapter.invokeHandlerMethod(RequestMappingHandlerAdapter.java:986) ~[spring-webmvc-6.2.6.jar:6.2.6]
	at org.springframework.web.servlet.mvc.method.annotation.RequestMappingHandlerAdapter.handleInternal(RequestMappingHandlerAdapter.java:891) ~[spring-webmvc-6.2.6.jar:6.2.6]
	at org.springframework.web.servlet.mvc.method.AbstractHandlerMethodAdapter.handle(AbstractHandlerMethodAdapter.java:87) ~[spring-webmvc-6.2.6.jar:6.2.6]
	at org.springframework.web.servlet.DispatcherServlet.doDispatch(DispatcherServlet.java:1089) ~[spring-webmvc-6.2.6.jar:6.2.6]
	at org.springframework.web.servlet.DispatcherServlet.doService(DispatcherServlet.java:979) ~[spring-webmvc-6.2.6.jar:6.2.6]
	at org.springframework.web.servlet.FrameworkServlet.processRequest(FrameworkServlet.java:1014) ~[spring-webmvc-6.2.6.jar:6.2.6]
	at org.springframework.web.servlet.FrameworkServlet.doDelete(FrameworkServlet.java:936) ~[spring-webmvc-6.2.6.jar:6.2.6]
	at jakarta.servlet.http.HttpServlet.service(HttpServlet.java:596) ~[tomcat-embed-core-10.1.40.jar:6.0]
	at org.springframework.web.servlet.FrameworkServlet.service(FrameworkServlet.java:885) ~[spring-webmvc-6.2.6.jar:6.2.6]
	at jakarta.servlet.http.HttpServlet.service(HttpServlet.java:658) ~[tomcat-embed-core-10.1.40.jar:6.0]
	at org.apache.catalina.core.ApplicationFilterChain.internalDoFilter(ApplicationFilterChain.java:195) ~[tomcat-embed-core-10.1.40.jar:10.1.40]
	at org.apache.catalina.core.ApplicationFilterChain.doFilter(ApplicationFilterChain.java:140) ~[tomcat-embed-core-10.1.40.jar:10.1.40]
	at org.apache.tomcat.websocket.server.WsFilter.doFilter(WsFilter.java:51) ~[tomcat-embed-websocket-10.1.40.jar:10.1.40]
	at org.apache.catalina.core.ApplicationFilterChain.internalDoFilter(ApplicationFilterChain.java:164) ~[tomcat-embed-core-10.1.40.jar:10.1.40]
	at org.apache.catalina.core.ApplicationFilterChain.doFilter(ApplicationFilterChain.java:140) ~[tomcat-embed-core-10.1.40.jar:10.1.40]
	at org.springframework.web.filter.RequestContextFilter.doFilterInternal(RequestContextFilter.java:100) ~[spring-web-6.2.6.jar:6.2.6]
	at org.springframework.web.filter.OncePerRequestFilter.doFilter(OncePerRequestFilter.java:116) ~[spring-web-6.2.6.jar:6.2.6]
	at org.apache.catalina.core.ApplicationFilterChain.internalDoFilter(ApplicationFilterChain.java:164) ~[tomcat-embed-core-10.1.40.jar:10.1.40]
	at org.apache.catalina.core.ApplicationFilterChain.doFilter(ApplicationFilterChain.java:140) ~[tomcat-embed-core-10.1.40.jar:10.1.40]
	at org.springframework.web.filter.FormContentFilter.doFilterInternal(FormContentFilter.java:93) ~[spring-web-6.2.6.jar:6.2.6]
	at org.springframework.web.filter.OncePerRequestFilter.doFilter(OncePerRequestFilter.java:116) ~[spring-web-6.2.6.jar:6.2.6]
	at org.apache.catalina.core.ApplicationFilterChain.internalDoFilter(ApplicationFilterChain.java:164) ~[tomcat-embed-core-10.1.40.jar:10.1.40]
	at org.apache.catalina.core.ApplicationFilterChain.doFilter(ApplicationFilterChain.java:140) ~[tomcat-embed-core-10.1.40.jar:10.1.40]
	at org.springframework.web.filter.CharacterEncodingFilter.doFilterInternal(CharacterEncodingFilter.java:201) ~[spring-web-6.2.6.jar:6.2.6]
	at org.springframework.web.filter.OncePerRequestFilter.doFilter(OncePerRequestFilter.java:116) ~[spring-web-6.2.6.jar:6.2.6]
	at org.apache.catalina.core.ApplicationFilterChain.internalDoFilter(ApplicationFilterChain.java:164) ~[tomcat-embed-core-10.1.40.jar:10.1.40]
	at org.apache.catalina.core.ApplicationFilterChain.doFilter(ApplicationFilterChain.java:140) ~[tomcat-embed-core-10.1.40.jar:10.1.40]
	at org.apache.catalina.core.StandardWrapperValve.invoke(StandardWrapperValve.java:167) ~[tomcat-embed-core-10.1.40.jar:10.1.40]
	at org.apache.catalina.core.StandardContextValve.invoke(StandardContextValve.java:90) ~[tomcat-embed-core-10.1.40.jar:10.1.40]
	at org.apache.catalina.authenticator.AuthenticatorBase.invoke(AuthenticatorBase.java:483) ~[tomcat-embed-core-10.1.40.jar:10.1.40]
	at org.apache.catalina.core.StandardHostValve.invoke(StandardHostValve.java:116) ~[tomcat-embed-core-10.1.40.jar:10.1.40]
	at org.apache.catalina.valves.ErrorReportValve.invoke(ErrorReportValve.java:93) ~[tomcat-embed-core-10.1.40.jar:10.1.40]
	at org.apache.catalina.core.StandardEngineValve.invoke(StandardEngineValve.java:74) ~[tomcat-embed-core-10.1.40.jar:10.1.40]
	at org.apache.catalina.connector.CoyoteAdapter.service(CoyoteAdapter.java:344) ~[tomcat-embed-core-10.1.40.jar:10.1.40]
	at org.apache.coyote.http11.Http11Processor.service(Http11Processor.java:398) ~[tomcat-embed-core-10.1.40.jar:10.1.40]
	at org.apache.coyote.AbstractProcessorLight.process(AbstractProcessorLight.java:63) ~[tomcat-embed-core-10.1.40.jar:10.1.40]
	at org.apache.coyote.AbstractProtocol$ConnectionHandler.process(AbstractProtocol.java:903) ~[tomcat-embed-core-10.1.40.jar:10.1.40]
	at org.apache.tomcat.util.net.NioEndpoint$SocketProcessor.doRun(NioEndpoint.java:1740) ~[tomcat-embed-core-10.1.40.jar:10.1.40]
	at org.apache.tomcat.util.net.SocketProcessorBase.run(SocketProcessorBase.java:52) ~[tomcat-embed-core-10.1.40.jar:10.1.40]
	at org.apache.tomcat.util.threads.ThreadPoolExecutor.runWorker(ThreadPoolExecutor.java:1189) ~[tomcat-embed-core-10.1.40.jar:10.1.40]
	at org.apache.tomcat.util.threads.ThreadPoolExecutor$Worker.run(ThreadPoolExecutor.java:658) ~[tomcat-embed-core-10.1.40.jar:10.1.40]
	at org.apache.tomcat.util.threads.TaskThread$WrappingRunnable.run(TaskThread.java:63) ~[tomcat-embed-core-10.1.40.jar:10.1.40]
	at java.base/java.lang.Thread.run(Thread.java:1583) ~[na:na]

2025-05-11T06:07:44.575+05:30  INFO 18564 --- [JPArelation] [SpringApplicationShutdownHook] o.s.b.w.e.tomcat.GracefulShutdown        : Commencing graceful shutdown. Waiting for active requests to complete
2025-05-11T06:07:44.640+05:30  INFO 18564 --- [JPArelation] [tomcat-shutdown] o.s.b.w.e.tomcat.GracefulShutdown        : Graceful shutdown complete
2025-05-11T06:07:44.683+05:30  INFO 18564 --- [JPArelation] [SpringApplicationShutdownHook] j.LocalContainerEntityManagerFactoryBean : Closing JPA EntityManagerFactory for persistence unit 'default'
2025-05-11T06:07:44.760+05:30  INFO 18564 --- [JPArelation] [SpringApplicationShutdownHook] com.zaxxer.hikari.HikariDataSource       : HikariPool-1 - Shutdown initiated...
2025-05-11T06:07:44.774+05:30  INFO 18564 --- [JPArelation] [SpringApplicationShutdownHook] com.zaxxer.hikari.HikariDataSource       : HikariPool-1 - Shutdown completed.
2025-05-11T06:07:51.814+05:30  INFO 25012 --- [JPArelation] [main] c.J.JPArelation.JpArelationApplication   : Starting JpArelationApplication using Java 21.0.1 with PID 25012 (C:\Users\mnanra\OneDrive - Capgemini\Desktop\sb-ecom\JPArelation\target\classes started by mnanra in C:\Users\mnanra\OneDrive - Capgemini\Desktop\sb-ecom\JPArelation)
2025-05-11T06:07:51.817+05:30  INFO 25012 --- [JPArelation] [main] c.J.JPArelation.JpArelationApplication   : No active profile set, falling back to 1 default profile: "default"
2025-05-11T06:07:52.762+05:30  INFO 25012 --- [JPArelation] [main] .s.d.r.c.RepositoryConfigurationDelegate : Bootstrapping Spring Data JPA repositories in DEFAULT mode.
2025-05-11T06:07:52.867+05:30  INFO 25012 --- [JPArelation] [main] .s.d.r.c.RepositoryConfigurationDelegate : Finished Spring Data repository scanning in 90 ms. Found 4 JPA repository interfaces.
2025-05-11T06:07:53.667+05:30  INFO 25012 --- [JPArelation] [main] o.s.b.w.embedded.tomcat.TomcatWebServer  : Tomcat initialized with port 8080 (http)
2025-05-11T06:07:53.689+05:30  INFO 25012 --- [JPArelation] [main] o.apache.catalina.core.StandardService   : Starting service [Tomcat]
2025-05-11T06:07:53.690+05:30  INFO 25012 --- [JPArelation] [main] o.apache.catalina.core.StandardEngine    : Starting Servlet engine: [Apache Tomcat/10.1.40]
2025-05-11T06:07:53.791+05:30  INFO 25012 --- [JPArelation] [main] o.a.c.c.C.[Tomcat].[localhost].[/]       : Initializing Spring embedded WebApplicationContext
2025-05-11T06:07:53.791+05:30  INFO 25012 --- [JPArelation] [main] w.s.c.ServletWebServerApplicationContext : Root WebApplicationContext: initialization completed in 1899 ms
2025-05-11T06:07:54.026+05:30  INFO 25012 --- [JPArelation] [main] com.zaxxer.hikari.HikariDataSource       : HikariPool-1 - Starting...
2025-05-11T06:07:54.335+05:30  INFO 25012 --- [JPArelation] [main] com.zaxxer.hikari.pool.HikariPool        : HikariPool-1 - Added connection conn0: url=jdbc:h2:mem:test user=SA
2025-05-11T06:07:54.339+05:30  INFO 25012 --- [JPArelation] [main] com.zaxxer.hikari.HikariDataSource       : HikariPool-1 - Start completed.
2025-05-11T06:07:54.425+05:30  INFO 25012 --- [JPArelation] [main] o.hibernate.jpa.internal.util.LogHelper  : HHH000204: Processing PersistenceUnitInfo [name: default]
2025-05-11T06:07:54.541+05:30  INFO 25012 --- [JPArelation] [main] org.hibernate.Version                    : HHH000412: Hibernate ORM core version 6.6.13.Final
2025-05-11T06:07:54.603+05:30  INFO 25012 --- [JPArelation] [main] o.h.c.internal.RegionFactoryInitiator    : HHH000026: Second-level cache disabled
2025-05-11T06:07:55.081+05:30  INFO 25012 --- [JPArelation] [main] o.s.o.j.p.SpringPersistenceUnitInfo      : No LoadTimeWeaver setup: ignoring JPA class transformer
2025-05-11T06:07:55.221+05:30  INFO 25012 --- [JPArelation] [main] org.hibernate.orm.connections.pooling    : HHH10001005: Database info:
	Database JDBC URL [Connecting through datasource 'HikariDataSource (HikariPool-1)']
	Database driver: undefined/unknown
	Database version: 2.3.232
	Autocommit mode: undefined/unknown
	Isolation level: undefined/unknown
	Minimum pool size: undefined/unknown
	Maximum pool size: undefined/unknown
2025-05-11T06:07:56.497+05:30  INFO 25012 --- [JPArelation] [main] o.h.e.t.j.p.i.JtaPlatformInitiator       : HHH000489: No JTA platform available (set 'hibernate.transaction.jta.platform' to enable JTA platform integration)
2025-05-11T06:07:56.582+05:30  INFO 25012 --- [JPArelation] [main] j.LocalContainerEntityManagerFactoryBean : Initialized JPA EntityManagerFactory for persistence unit 'default'
2025-05-11T06:07:57.425+05:30  INFO 25012 --- [JPArelation] [main] o.s.b.a.h2.H2ConsoleAutoConfiguration    : H2 console available at '/h2-console'. Database available at 'jdbc:h2:mem:test'
2025-05-11T06:07:57.538+05:30  INFO 25012 --- [JPArelation] [main] o.s.b.w.embedded.tomcat.TomcatWebServer  : Tomcat started on port 8080 (http) with context path '/'
2025-05-11T06:07:57.550+05:30  INFO 25012 --- [JPArelation] [main] c.J.JPArelation.JpArelationApplication   : Started JpArelationApplication in 6.472 seconds (process running for 7.053)
2025-05-11T06:08:13.479+05:30  INFO 25012 --- [JPArelation] [http-nio-8080-exec-1] o.a.c.c.C.[Tomcat].[localhost].[/]       : Initializing Spring DispatcherServlet 'dispatcherServlet'
2025-05-11T06:08:13.480+05:30  INFO 25012 --- [JPArelation] [http-nio-8080-exec-1] o.s.web.servlet.DispatcherServlet        : Initializing Servlet 'dispatcherServlet'
2025-05-11T06:08:13.482+05:30  INFO 25012 --- [JPArelation] [http-nio-8080-exec-1] o.s.web.servlet.DispatcherServlet        : Completed initialization in 2 ms
2025-05-11T06:08:13.586+05:30  WARN 25012 --- [JPArelation] [http-nio-8080-exec-1] o.h.engine.jdbc.spi.SqlExceptionHelper   : SQL Error: 23503, SQLState: 23503
2025-05-11T06:08:13.586+05:30 ERROR 25012 --- [JPArelation] [http-nio-8080-exec-1] o.h.engine.jdbc.spi.SqlExceptionHelper   : Referential integrity constraint violation: "FKE1UOWV0K023INXELPJXIKACHG: PUBLIC.POST FOREIGN KEY(USER_ID) REFERENCES PUBLIC.SOCIAL_USER(ID) (CAST(1 AS BIGINT))"; SQL statement:
delete from social_user where id=? [23503-232]
2025-05-11T06:08:13.609+05:30 ERROR 25012 --- [JPArelation] [http-nio-8080-exec-1] o.a.c.c.C.[.[.[/].[dispatcherServlet]    : Servlet.service() for servlet [dispatcherServlet] in context with path [] threw exception [Request processing failed: org.springframework.dao.DataIntegrityViolationException: could not execute statement [Referential integrity constraint violation: "FKE1UOWV0K023INXELPJXIKACHG: PUBLIC.POST FOREIGN KEY(USER_ID) REFERENCES PUBLIC.SOCIAL_USER(ID) (CAST(1 AS BIGINT))"; SQL statement:
delete from social_user where id=? [23503-232]] [delete from social_user where id=?]; SQL [delete from social_user where id=?]; constraint [FKE1UOWV0K023INXELPJXIKACHG: PUBLIC.POST FOREIGN KEY(USER_ID) REFERENCES PUBLIC.SOCIAL_USER(ID) (CAST(1 AS BIGINT)); SQL statement:
delete from social_user where id=? [23503-232]]] with root cause

org.h2.jdbc.JdbcSQLIntegrityConstraintViolationException: Referential integrity constraint violation: "FKE1UOWV0K023INXELPJXIKACHG: PUBLIC.POST FOREIGN KEY(USER_ID) REFERENCES PUBLIC.SOCIAL_USER(ID) (CAST(1 AS BIGINT))"; SQL statement:
delete from social_user where id=? [23503-232]
	at org.h2.message.DbException.getJdbcSQLException(DbException.java:520) ~[h2-2.3.232.jar:2.3.232]
	at org.h2.message.DbException.getJdbcSQLException(DbException.java:489) ~[h2-2.3.232.jar:2.3.232]
	at org.h2.message.DbException.get(DbException.java:223) ~[h2-2.3.232.jar:2.3.232]
	at org.h2.message.DbException.get(DbException.java:199) ~[h2-2.3.232.jar:2.3.232]
	at org.h2.constraint.ConstraintReferential.checkRow(ConstraintReferential.java:362) ~[h2-2.3.232.jar:2.3.232]
	at org.h2.constraint.ConstraintReferential.checkRowRefTable(ConstraintReferential.java:379) ~[h2-2.3.232.jar:2.3.232]
	at org.h2.constraint.ConstraintReferential.checkRow(ConstraintReferential.java:253) ~[h2-2.3.232.jar:2.3.232]
	at org.h2.table.Table.fireConstraints(Table.java:1227) ~[h2-2.3.232.jar:2.3.232]
	at org.h2.table.Table.fireAfterRow(Table.java:1245) ~[h2-2.3.232.jar:2.3.232]
	at org.h2.command.dml.Delete.update(Delete.java:92) ~[h2-2.3.232.jar:2.3.232]
	at org.h2.command.dml.DataChangeStatement.update(DataChangeStatement.java:74) ~[h2-2.3.232.jar:2.3.232]
	at org.h2.command.CommandContainer.update(CommandContainer.java:139) ~[h2-2.3.232.jar:2.3.232]
	at org.h2.command.Command.executeUpdate(Command.java:304) ~[h2-2.3.232.jar:2.3.232]
	at org.h2.command.Command.executeUpdate(Command.java:248) ~[h2-2.3.232.jar:2.3.232]
	at org.h2.jdbc.JdbcPreparedStatement.executeUpdateInternal(JdbcPreparedStatement.java:213) ~[h2-2.3.232.jar:2.3.232]
	at org.h2.jdbc.JdbcPreparedStatement.executeUpdate(JdbcPreparedStatement.java:172) ~[h2-2.3.232.jar:2.3.232]
	at com.zaxxer.hikari.pool.ProxyPreparedStatement.executeUpdate(ProxyPreparedStatement.java:61) ~[HikariCP-5.1.0.jar:na]
	at com.zaxxer.hikari.pool.HikariProxyPreparedStatement.executeUpdate(HikariProxyPreparedStatement.java) ~[HikariCP-5.1.0.jar:na]
	at org.hibernate.engine.jdbc.internal.ResultSetReturnImpl.executeUpdate(ResultSetReturnImpl.java:194) ~[hibernate-core-6.6.13.Final.jar:6.6.13.Final]
	at org.hibernate.engine.jdbc.mutation.internal.AbstractMutationExecutor.performNonBatchedMutation(AbstractMutationExecutor.java:134) ~[hibernate-core-6.6.13.Final.jar:6.6.13.Final]
	at org.hibernate.engine.jdbc.mutation.internal.MutationExecutorSingleNonBatched.performNonBatchedOperations(MutationExecutorSingleNonBatched.java:55) ~[hibernate-core-6.6.13.Final.jar:6.6.13.Final]
	at org.hibernate.engine.jdbc.mutation.internal.AbstractMutationExecutor.execute(AbstractMutationExecutor.java:55) ~[hibernate-core-6.6.13.Final.jar:6.6.13.Final]
	at org.hibernate.persister.entity.mutation.AbstractDeleteCoordinator.doStaticDelete(AbstractDeleteCoordinator.java:279) ~[hibernate-core-6.6.13.Final.jar:6.6.13.Final]
	at org.hibernate.persister.entity.mutation.AbstractDeleteCoordinator.delete(AbstractDeleteCoordinator.java:87) ~[hibernate-core-6.6.13.Final.jar:6.6.13.Final]
	at org.hibernate.action.internal.EntityDeleteAction.execute(EntityDeleteAction.java:131) ~[hibernate-core-6.6.13.Final.jar:6.6.13.Final]
	at org.hibernate.engine.spi.ActionQueue.executeActions(ActionQueue.java:644) ~[hibernate-core-6.6.13.Final.jar:6.6.13.Final]
	at org.hibernate.engine.spi.ActionQueue.executeActions(ActionQueue.java:511) ~[hibernate-core-6.6.13.Final.jar:6.6.13.Final]
	at org.hibernate.event.internal.AbstractFlushingEventListener.performExecutions(AbstractFlushingEventListener.java:414) ~[hibernate-core-6.6.13.Final.jar:6.6.13.Final]
	at org.hibernate.event.internal.DefaultFlushEventListener.onFlush(DefaultFlushEventListener.java:41) ~[hibernate-core-6.6.13.Final.jar:6.6.13.Final]
	at org.hibernate.event.service.internal.EventListenerGroupImpl.fireEventOnEachListener(EventListenerGroupImpl.java:127) ~[hibernate-core-6.6.13.Final.jar:6.6.13.Final]
	at org.hibernate.internal.SessionImpl.doFlush(SessionImpl.java:1429) ~[hibernate-core-6.6.13.Final.jar:6.6.13.Final]
	at org.hibernate.internal.SessionImpl.managedFlush(SessionImpl.java:491) ~[hibernate-core-6.6.13.Final.jar:6.6.13.Final]
	at org.hibernate.internal.SessionImpl.flushBeforeTransactionCompletion(SessionImpl.java:2354) ~[hibernate-core-6.6.13.Final.jar:6.6.13.Final]
	at org.hibernate.internal.SessionImpl.beforeTransactionCompletion(SessionImpl.java:1978) ~[hibernate-core-6.6.13.Final.jar:6.6.13.Final]
	at org.hibernate.engine.jdbc.internal.JdbcCoordinatorImpl.beforeTransactionCompletion(JdbcCoordinatorImpl.java:439) ~[hibernate-core-6.6.13.Final.jar:6.6.13.Final]
	at org.hibernate.resource.transaction.backend.jdbc.internal.JdbcResourceLocalTransactionCoordinatorImpl.beforeCompletionCallback(JdbcResourceLocalTransactionCoordinatorImpl.java:169) ~[hibernate-core-6.6.13.Final.jar:6.6.13.Final]
	at org.hibernate.resource.transaction.backend.jdbc.internal.JdbcResourceLocalTransactionCoordinatorImpl$TransactionDriverControlImpl.commit(JdbcResourceLocalTransactionCoordinatorImpl.java:267) ~[hibernate-core-6.6.13.Final.jar:6.6.13.Final]
	at org.hibernate.engine.transaction.internal.TransactionImpl.commit(TransactionImpl.java:101) ~[hibernate-core-6.6.13.Final.jar:6.6.13.Final]
	at org.springframework.orm.jpa.JpaTransactionManager.doCommit(JpaTransactionManager.java:562) ~[spring-orm-6.2.6.jar:6.2.6]
	at org.springframework.transaction.support.AbstractPlatformTransactionManager.processCommit(AbstractPlatformTransactionManager.java:795) ~[spring-tx-6.2.6.jar:6.2.6]
	at org.springframework.transaction.support.AbstractPlatformTransactionManager.commit(AbstractPlatformTransactionManager.java:758) ~[spring-tx-6.2.6.jar:6.2.6]
	at org.springframework.transaction.interceptor.TransactionAspectSupport.commitTransactionAfterReturning(TransactionAspectSupport.java:698) ~[spring-tx-6.2.6.jar:6.2.6]
	at org.springframework.transaction.interceptor.TransactionAspectSupport.invokeWithinTransaction(TransactionAspectSupport.java:416) ~[spring-tx-6.2.6.jar:6.2.6]
	at org.springframework.transaction.interceptor.TransactionInterceptor.invoke(TransactionInterceptor.java:119) ~[spring-tx-6.2.6.jar:6.2.6]
	at org.springframework.aop.framework.ReflectiveMethodInvocation.proceed(ReflectiveMethodInvocation.java:184) ~[spring-aop-6.2.6.jar:6.2.6]
	at org.springframework.dao.support.PersistenceExceptionTranslationInterceptor.invoke(PersistenceExceptionTranslationInterceptor.java:138) ~[spring-tx-6.2.6.jar:6.2.6]
	at org.springframework.aop.framework.ReflectiveMethodInvocation.proceed(ReflectiveMethodInvocation.java:184) ~[spring-aop-6.2.6.jar:6.2.6]
	at org.springframework.data.jpa.repository.support.CrudMethodMetadataPostProcessor$CrudMethodMetadataPopulatingMethodInterceptor.invoke(CrudMethodMetadataPostProcessor.java:165) ~[spring-data-jpa-3.4.5.jar:3.4.5]
	at org.springframework.aop.framework.ReflectiveMethodInvocation.proceed(ReflectiveMethodInvocation.java:184) ~[spring-aop-6.2.6.jar:6.2.6]
	at org.springframework.aop.framework.JdkDynamicAopProxy.invoke(JdkDynamicAopProxy.java:223) ~[spring-aop-6.2.6.jar:6.2.6]
	at jdk.proxy2/jdk.proxy2.$Proxy119.delete(Unknown Source) ~[na:na]
	at com.JPA.JPArelation.Service.SocialService.deleteUser(SocialService.java:28) ~[classes/:na]
	at com.JPA.JPArelation.Controller.SocialController.deleteUser(SocialController.java:34) ~[classes/:na]
	at java.base/jdk.internal.reflect.DirectMethodHandleAccessor.invoke(DirectMethodHandleAccessor.java:103) ~[na:na]
	at java.base/java.lang.reflect.Method.invoke(Method.java:580) ~[na:na]
	at org.springframework.web.method.support.InvocableHandlerMethod.doInvoke(InvocableHandlerMethod.java:258) ~[spring-web-6.2.6.jar:6.2.6]
	at org.springframework.web.method.support.InvocableHandlerMethod.invokeForRequest(InvocableHandlerMethod.java:191) ~[spring-web-6.2.6.jar:6.2.6]
	at org.springframework.web.servlet.mvc.method.annotation.ServletInvocableHandlerMethod.invokeAndHandle(ServletInvocableHandlerMethod.java:118) ~[spring-webmvc-6.2.6.jar:6.2.6]
	at org.springframework.web.servlet.mvc.method.annotation.RequestMappingHandlerAdapter.invokeHandlerMethod(RequestMappingHandlerAdapter.java:986) ~[spring-webmvc-6.2.6.jar:6.2.6]
	at org.springframework.web.servlet.mvc.method.annotation.RequestMappingHandlerAdapter.handleInternal(RequestMappingHandlerAdapter.java:891) ~[spring-webmvc-6.2.6.jar:6.2.6]
	at org.springframework.web.servlet.mvc.method.AbstractHandlerMethodAdapter.handle(AbstractHandlerMethodAdapter.java:87) ~[spring-webmvc-6.2.6.jar:6.2.6]
	at org.springframework.web.servlet.DispatcherServlet.doDispatch(DispatcherServlet.java:1089) ~[spring-webmvc-6.2.6.jar:6.2.6]
	at org.springframework.web.servlet.DispatcherServlet.doService(DispatcherServlet.java:979) ~[spring-webmvc-6.2.6.jar:6.2.6]
	at org.springframework.web.servlet.FrameworkServlet.processRequest(FrameworkServlet.java:1014) ~[spring-webmvc-6.2.6.jar:6.2.6]
	at org.springframework.web.servlet.FrameworkServlet.doDelete(FrameworkServlet.java:936) ~[spring-webmvc-6.2.6.jar:6.2.6]
	at jakarta.servlet.http.HttpServlet.service(HttpServlet.java:596) ~[tomcat-embed-core-10.1.40.jar:6.0]
	at org.springframework.web.servlet.FrameworkServlet.service(FrameworkServlet.java:885) ~[spring-webmvc-6.2.6.jar:6.2.6]
	at jakarta.servlet.http.HttpServlet.service(HttpServlet.java:658) ~[tomcat-embed-core-10.1.40.jar:6.0]
	at org.apache.catalina.core.ApplicationFilterChain.internalDoFilter(ApplicationFilterChain.java:195) ~[tomcat-embed-core-10.1.40.jar:10.1.40]
	at org.apache.catalina.core.ApplicationFilterChain.doFilter(ApplicationFilterChain.java:140) ~[tomcat-embed-core-10.1.40.jar:10.1.40]
	at org.apache.tomcat.websocket.server.WsFilter.doFilter(WsFilter.java:51) ~[tomcat-embed-websocket-10.1.40.jar:10.1.40]
	at org.apache.catalina.core.ApplicationFilterChain.internalDoFilter(ApplicationFilterChain.java:164) ~[tomcat-embed-core-10.1.40.jar:10.1.40]
	at org.apache.catalina.core.ApplicationFilterChain.doFilter(ApplicationFilterChain.java:140) ~[tomcat-embed-core-10.1.40.jar:10.1.40]
	at org.springframework.web.filter.RequestContextFilter.doFilterInternal(RequestContextFilter.java:100) ~[spring-web-6.2.6.jar:6.2.6]
	at org.springframework.web.filter.OncePerRequestFilter.doFilter(OncePerRequestFilter.java:116) ~[spring-web-6.2.6.jar:6.2.6]
	at org.apache.catalina.core.ApplicationFilterChain.internalDoFilter(ApplicationFilterChain.java:164) ~[tomcat-embed-core-10.1.40.jar:10.1.40]
	at org.apache.catalina.core.ApplicationFilterChain.doFilter(ApplicationFilterChain.java:140) ~[tomcat-embed-core-10.1.40.jar:10.1.40]
	at org.springframework.web.filter.FormContentFilter.doFilterInternal(FormContentFilter.java:93) ~[spring-web-6.2.6.jar:6.2.6]
	at org.springframework.web.filter.OncePerRequestFilter.doFilter(OncePerRequestFilter.java:116) ~[spring-web-6.2.6.jar:6.2.6]
	at org.apache.catalina.core.ApplicationFilterChain.internalDoFilter(ApplicationFilterChain.java:164) ~[tomcat-embed-core-10.1.40.jar:10.1.40]
	at org.apache.catalina.core.ApplicationFilterChain.doFilter(ApplicationFilterChain.java:140) ~[tomcat-embed-core-10.1.40.jar:10.1.40]
	at org.springframework.web.filter.CharacterEncodingFilter.doFilterInternal(CharacterEncodingFilter.java:201) ~[spring-web-6.2.6.jar:6.2.6]
	at org.springframework.web.filter.OncePerRequestFilter.doFilter(OncePerRequestFilter.java:116) ~[spring-web-6.2.6.jar:6.2.6]
	at org.apache.catalina.core.ApplicationFilterChain.internalDoFilter(ApplicationFilterChain.java:164) ~[tomcat-embed-core-10.1.40.jar:10.1.40]
	at org.apache.catalina.core.ApplicationFilterChain.doFilter(ApplicationFilterChain.java:140) ~[tomcat-embed-core-10.1.40.jar:10.1.40]
	at org.apache.catalina.core.StandardWrapperValve.invoke(StandardWrapperValve.java:167) ~[tomcat-embed-core-10.1.40.jar:10.1.40]
	at org.apache.catalina.core.StandardContextValve.invoke(StandardContextValve.java:90) ~[tomcat-embed-core-10.1.40.jar:10.1.40]
	at org.apache.catalina.authenticator.AuthenticatorBase.invoke(AuthenticatorBase.java:483) ~[tomcat-embed-core-10.1.40.jar:10.1.40]
	at org.apache.catalina.core.StandardHostValve.invoke(StandardHostValve.java:116) ~[tomcat-embed-core-10.1.40.jar:10.1.40]
	at org.apache.catalina.valves.ErrorReportValve.invoke(ErrorReportValve.java:93) ~[tomcat-embed-core-10.1.40.jar:10.1.40]
	at org.apache.catalina.core.StandardEngineValve.invoke(StandardEngineValve.java:74) ~[tomcat-embed-core-10.1.40.jar:10.1.40]
	at org.apache.catalina.connector.CoyoteAdapter.service(CoyoteAdapter.java:344) ~[tomcat-embed-core-10.1.40.jar:10.1.40]
	at org.apache.coyote.http11.Http11Processor.service(Http11Processor.java:398) ~[tomcat-embed-core-10.1.40.jar:10.1.40]
	at org.apache.coyote.AbstractProcessorLight.process(AbstractProcessorLight.java:63) ~[tomcat-embed-core-10.1.40.jar:10.1.40]
	at org.apache.coyote.AbstractProtocol$ConnectionHandler.process(AbstractProtocol.java:903) ~[tomcat-embed-core-10.1.40.jar:10.1.40]
	at org.apache.tomcat.util.net.NioEndpoint$SocketProcessor.doRun(NioEndpoint.java:1740) ~[tomcat-embed-core-10.1.40.jar:10.1.40]
	at org.apache.tomcat.util.net.SocketProcessorBase.run(SocketProcessorBase.java:52) ~[tomcat-embed-core-10.1.40.jar:10.1.40]
	at org.apache.tomcat.util.threads.ThreadPoolExecutor.runWorker(ThreadPoolExecutor.java:1189) ~[tomcat-embed-core-10.1.40.jar:10.1.40]
	at org.apache.tomcat.util.threads.ThreadPoolExecutor$Worker.run(ThreadPoolExecutor.java:658) ~[tomcat-embed-core-10.1.40.jar:10.1.40]
	at org.apache.tomcat.util.threads.TaskThread$WrappingRunnable.run(TaskThread.java:63) ~[tomcat-embed-core-10.1.40.jar:10.1.40]
	at java.base/java.lang.Thread.run(Thread.java:1583) ~[na:na]

2025-05-11T06:08:16.629+05:30  WARN 25012 --- [JPArelation] [http-nio-8080-exec-4] o.h.engine.jdbc.spi.SqlExceptionHelper   : SQL Error: 23503, SQLState: 23503
2025-05-11T06:08:16.630+05:30 ERROR 25012 --- [JPArelation] [http-nio-8080-exec-4] o.h.engine.jdbc.spi.SqlExceptionHelper   : Referential integrity constraint violation: "FKE1UOWV0K023INXELPJXIKACHG: PUBLIC.POST FOREIGN KEY(USER_ID) REFERENCES PUBLIC.SOCIAL_USER(ID) (CAST(1 AS BIGINT))"; SQL statement:
delete from social_user where id=? [23503-232]
2025-05-11T06:08:16.636+05:30 ERROR 25012 --- [JPArelation] [http-nio-8080-exec-4] o.a.c.c.C.[.[.[/].[dispatcherServlet]    : Servlet.service() for servlet [dispatcherServlet] in context with path [] threw exception [Request processing failed: org.springframework.dao.DataIntegrityViolationException: could not execute statement [Referential integrity constraint violation: "FKE1UOWV0K023INXELPJXIKACHG: PUBLIC.POST FOREIGN KEY(USER_ID) REFERENCES PUBLIC.SOCIAL_USER(ID) (CAST(1 AS BIGINT))"; SQL statement:
delete from social_user where id=? [23503-232]] [delete from social_user where id=?]; SQL [delete from social_user where id=?]; constraint [FKE1UOWV0K023INXELPJXIKACHG: PUBLIC.POST FOREIGN KEY(USER_ID) REFERENCES PUBLIC.SOCIAL_USER(ID) (CAST(1 AS BIGINT)); SQL statement:
delete from social_user where id=? [23503-232]]] with root cause

org.h2.jdbc.JdbcSQLIntegrityConstraintViolationException: Referential integrity constraint violation: "FKE1UOWV0K023INXELPJXIKACHG: PUBLIC.POST FOREIGN KEY(USER_ID) REFERENCES PUBLIC.SOCIAL_USER(ID) (CAST(1 AS BIGINT))"; SQL statement:
delete from social_user where id=? [23503-232]
	at org.h2.message.DbException.getJdbcSQLException(DbException.java:520) ~[h2-2.3.232.jar:2.3.232]
	at org.h2.message.DbException.getJdbcSQLException(DbException.java:489) ~[h2-2.3.232.jar:2.3.232]
	at org.h2.message.DbException.get(DbException.java:223) ~[h2-2.3.232.jar:2.3.232]
	at org.h2.message.DbException.get(DbException.java:199) ~[h2-2.3.232.jar:2.3.232]
	at org.h2.constraint.ConstraintReferential.checkRow(ConstraintReferential.java:362) ~[h2-2.3.232.jar:2.3.232]
	at org.h2.constraint.ConstraintReferential.checkRowRefTable(ConstraintReferential.java:379) ~[h2-2.3.232.jar:2.3.232]
	at org.h2.constraint.ConstraintReferential.checkRow(ConstraintReferential.java:253) ~[h2-2.3.232.jar:2.3.232]
	at org.h2.table.Table.fireConstraints(Table.java:1227) ~[h2-2.3.232.jar:2.3.232]
	at org.h2.table.Table.fireAfterRow(Table.java:1245) ~[h2-2.3.232.jar:2.3.232]
	at org.h2.command.dml.Delete.update(Delete.java:92) ~[h2-2.3.232.jar:2.3.232]
	at org.h2.command.dml.DataChangeStatement.update(DataChangeStatement.java:74) ~[h2-2.3.232.jar:2.3.232]
	at org.h2.command.CommandContainer.update(CommandContainer.java:139) ~[h2-2.3.232.jar:2.3.232]
	at org.h2.command.Command.executeUpdate(Command.java:304) ~[h2-2.3.232.jar:2.3.232]
	at org.h2.command.Command.executeUpdate(Command.java:248) ~[h2-2.3.232.jar:2.3.232]
	at org.h2.jdbc.JdbcPreparedStatement.executeUpdateInternal(JdbcPreparedStatement.java:213) ~[h2-2.3.232.jar:2.3.232]
	at org.h2.jdbc.JdbcPreparedStatement.executeUpdate(JdbcPreparedStatement.java:172) ~[h2-2.3.232.jar:2.3.232]
	at com.zaxxer.hikari.pool.ProxyPreparedStatement.executeUpdate(ProxyPreparedStatement.java:61) ~[HikariCP-5.1.0.jar:na]
	at com.zaxxer.hikari.pool.HikariProxyPreparedStatement.executeUpdate(HikariProxyPreparedStatement.java) ~[HikariCP-5.1.0.jar:na]
	at org.hibernate.engine.jdbc.internal.ResultSetReturnImpl.executeUpdate(ResultSetReturnImpl.java:194) ~[hibernate-core-6.6.13.Final.jar:6.6.13.Final]
	at org.hibernate.engine.jdbc.mutation.internal.AbstractMutationExecutor.performNonBatchedMutation(AbstractMutationExecutor.java:134) ~[hibernate-core-6.6.13.Final.jar:6.6.13.Final]
	at org.hibernate.engine.jdbc.mutation.internal.MutationExecutorSingleNonBatched.performNonBatchedOperations(MutationExecutorSingleNonBatched.java:55) ~[hibernate-core-6.6.13.Final.jar:6.6.13.Final]
	at org.hibernate.engine.jdbc.mutation.internal.AbstractMutationExecutor.execute(AbstractMutationExecutor.java:55) ~[hibernate-core-6.6.13.Final.jar:6.6.13.Final]
	at org.hibernate.persister.entity.mutation.AbstractDeleteCoordinator.doStaticDelete(AbstractDeleteCoordinator.java:279) ~[hibernate-core-6.6.13.Final.jar:6.6.13.Final]
	at org.hibernate.persister.entity.mutation.AbstractDeleteCoordinator.delete(AbstractDeleteCoordinator.java:87) ~[hibernate-core-6.6.13.Final.jar:6.6.13.Final]
	at org.hibernate.action.internal.EntityDeleteAction.execute(EntityDeleteAction.java:131) ~[hibernate-core-6.6.13.Final.jar:6.6.13.Final]
	at org.hibernate.engine.spi.ActionQueue.executeActions(ActionQueue.java:644) ~[hibernate-core-6.6.13.Final.jar:6.6.13.Final]
	at org.hibernate.engine.spi.ActionQueue.executeActions(ActionQueue.java:511) ~[hibernate-core-6.6.13.Final.jar:6.6.13.Final]
	at org.hibernate.event.internal.AbstractFlushingEventListener.performExecutions(AbstractFlushingEventListener.java:414) ~[hibernate-core-6.6.13.Final.jar:6.6.13.Final]
	at org.hibernate.event.internal.DefaultFlushEventListener.onFlush(DefaultFlushEventListener.java:41) ~[hibernate-core-6.6.13.Final.jar:6.6.13.Final]
	at org.hibernate.event.service.internal.EventListenerGroupImpl.fireEventOnEachListener(EventListenerGroupImpl.java:127) ~[hibernate-core-6.6.13.Final.jar:6.6.13.Final]
	at org.hibernate.internal.SessionImpl.doFlush(SessionImpl.java:1429) ~[hibernate-core-6.6.13.Final.jar:6.6.13.Final]
	at org.hibernate.internal.SessionImpl.managedFlush(SessionImpl.java:491) ~[hibernate-core-6.6.13.Final.jar:6.6.13.Final]
	at org.hibernate.internal.SessionImpl.flushBeforeTransactionCompletion(SessionImpl.java:2354) ~[hibernate-core-6.6.13.Final.jar:6.6.13.Final]
	at org.hibernate.internal.SessionImpl.beforeTransactionCompletion(SessionImpl.java:1978) ~[hibernate-core-6.6.13.Final.jar:6.6.13.Final]
	at org.hibernate.engine.jdbc.internal.JdbcCoordinatorImpl.beforeTransactionCompletion(JdbcCoordinatorImpl.java:439) ~[hibernate-core-6.6.13.Final.jar:6.6.13.Final]
	at org.hibernate.resource.transaction.backend.jdbc.internal.JdbcResourceLocalTransactionCoordinatorImpl.beforeCompletionCallback(JdbcResourceLocalTransactionCoordinatorImpl.java:169) ~[hibernate-core-6.6.13.Final.jar:6.6.13.Final]
	at org.hibernate.resource.transaction.backend.jdbc.internal.JdbcResourceLocalTransactionCoordinatorImpl$TransactionDriverControlImpl.commit(JdbcResourceLocalTransactionCoordinatorImpl.java:267) ~[hibernate-core-6.6.13.Final.jar:6.6.13.Final]
	at org.hibernate.engine.transaction.internal.TransactionImpl.commit(TransactionImpl.java:101) ~[hibernate-core-6.6.13.Final.jar:6.6.13.Final]
	at org.springframework.orm.jpa.JpaTransactionManager.doCommit(JpaTransactionManager.java:562) ~[spring-orm-6.2.6.jar:6.2.6]
	at org.springframework.transaction.support.AbstractPlatformTransactionManager.processCommit(AbstractPlatformTransactionManager.java:795) ~[spring-tx-6.2.6.jar:6.2.6]
	at org.springframework.transaction.support.AbstractPlatformTransactionManager.commit(AbstractPlatformTransactionManager.java:758) ~[spring-tx-6.2.6.jar:6.2.6]
	at org.springframework.transaction.interceptor.TransactionAspectSupport.commitTransactionAfterReturning(TransactionAspectSupport.java:698) ~[spring-tx-6.2.6.jar:6.2.6]
	at org.springframework.transaction.interceptor.TransactionAspectSupport.invokeWithinTransaction(TransactionAspectSupport.java:416) ~[spring-tx-6.2.6.jar:6.2.6]
	at org.springframework.transaction.interceptor.TransactionInterceptor.invoke(TransactionInterceptor.java:119) ~[spring-tx-6.2.6.jar:6.2.6]
	at org.springframework.aop.framework.ReflectiveMethodInvocation.proceed(ReflectiveMethodInvocation.java:184) ~[spring-aop-6.2.6.jar:6.2.6]
	at org.springframework.dao.support.PersistenceExceptionTranslationInterceptor.invoke(PersistenceExceptionTranslationInterceptor.java:138) ~[spring-tx-6.2.6.jar:6.2.6]
	at org.springframework.aop.framework.ReflectiveMethodInvocation.proceed(ReflectiveMethodInvocation.java:184) ~[spring-aop-6.2.6.jar:6.2.6]
	at org.springframework.data.jpa.repository.support.CrudMethodMetadataPostProcessor$CrudMethodMetadataPopulatingMethodInterceptor.invoke(CrudMethodMetadataPostProcessor.java:165) ~[spring-data-jpa-3.4.5.jar:3.4.5]
	at org.springframework.aop.framework.ReflectiveMethodInvocation.proceed(ReflectiveMethodInvocation.java:184) ~[spring-aop-6.2.6.jar:6.2.6]
	at org.springframework.aop.framework.JdkDynamicAopProxy.invoke(JdkDynamicAopProxy.java:223) ~[spring-aop-6.2.6.jar:6.2.6]
	at jdk.proxy2/jdk.proxy2.$Proxy119.delete(Unknown Source) ~[na:na]
	at com.JPA.JPArelation.Service.SocialService.deleteUser(SocialService.java:28) ~[classes/:na]
	at com.JPA.JPArelation.Controller.SocialController.deleteUser(SocialController.java:34) ~[classes/:na]
	at java.base/jdk.internal.reflect.DirectMethodHandleAccessor.invoke(DirectMethodHandleAccessor.java:103) ~[na:na]
	at java.base/java.lang.reflect.Method.invoke(Method.java:580) ~[na:na]
	at org.springframework.web.method.support.InvocableHandlerMethod.doInvoke(InvocableHandlerMethod.java:258) ~[spring-web-6.2.6.jar:6.2.6]
	at org.springframework.web.method.support.InvocableHandlerMethod.invokeForRequest(InvocableHandlerMethod.java:191) ~[spring-web-6.2.6.jar:6.2.6]
	at org.springframework.web.servlet.mvc.method.annotation.ServletInvocableHandlerMethod.invokeAndHandle(ServletInvocableHandlerMethod.java:118) ~[spring-webmvc-6.2.6.jar:6.2.6]
	at org.springframework.web.servlet.mvc.method.annotation.RequestMappingHandlerAdapter.invokeHandlerMethod(RequestMappingHandlerAdapter.java:986) ~[spring-webmvc-6.2.6.jar:6.2.6]
	at org.springframework.web.servlet.mvc.method.annotation.RequestMappingHandlerAdapter.handleInternal(RequestMappingHandlerAdapter.java:891) ~[spring-webmvc-6.2.6.jar:6.2.6]
	at org.springframework.web.servlet.mvc.method.AbstractHandlerMethodAdapter.handle(AbstractHandlerMethodAdapter.java:87) ~[spring-webmvc-6.2.6.jar:6.2.6]
	at org.springframework.web.servlet.DispatcherServlet.doDispatch(DispatcherServlet.java:1089) ~[spring-webmvc-6.2.6.jar:6.2.6]
	at org.springframework.web.servlet.DispatcherServlet.doService(DispatcherServlet.java:979) ~[spring-webmvc-6.2.6.jar:6.2.6]
	at org.springframework.web.servlet.FrameworkServlet.processRequest(FrameworkServlet.java:1014) ~[spring-webmvc-6.2.6.jar:6.2.6]
	at org.springframework.web.servlet.FrameworkServlet.doDelete(FrameworkServlet.java:936) ~[spring-webmvc-6.2.6.jar:6.2.6]
	at jakarta.servlet.http.HttpServlet.service(HttpServlet.java:596) ~[tomcat-embed-core-10.1.40.jar:6.0]
	at org.springframework.web.servlet.FrameworkServlet.service(FrameworkServlet.java:885) ~[spring-webmvc-6.2.6.jar:6.2.6]
	at jakarta.servlet.http.HttpServlet.service(HttpServlet.java:658) ~[tomcat-embed-core-10.1.40.jar:6.0]
	at org.apache.catalina.core.ApplicationFilterChain.internalDoFilter(ApplicationFilterChain.java:195) ~[tomcat-embed-core-10.1.40.jar:10.1.40]
	at org.apache.catalina.core.ApplicationFilterChain.doFilter(ApplicationFilterChain.java:140) ~[tomcat-embed-core-10.1.40.jar:10.1.40]
	at org.apache.tomcat.websocket.server.WsFilter.doFilter(WsFilter.java:51) ~[tomcat-embed-websocket-10.1.40.jar:10.1.40]
	at org.apache.catalina.core.ApplicationFilterChain.internalDoFilter(ApplicationFilterChain.java:164) ~[tomcat-embed-core-10.1.40.jar:10.1.40]
	at org.apache.catalina.core.ApplicationFilterChain.doFilter(ApplicationFilterChain.java:140) ~[tomcat-embed-core-10.1.40.jar:10.1.40]
	at org.springframework.web.filter.RequestContextFilter.doFilterInternal(RequestContextFilter.java:100) ~[spring-web-6.2.6.jar:6.2.6]
	at org.springframework.web.filter.OncePerRequestFilter.doFilter(OncePerRequestFilter.java:116) ~[spring-web-6.2.6.jar:6.2.6]
	at org.apache.catalina.core.ApplicationFilterChain.internalDoFilter(ApplicationFilterChain.java:164) ~[tomcat-embed-core-10.1.40.jar:10.1.40]
	at org.apache.catalina.core.ApplicationFilterChain.doFilter(ApplicationFilterChain.java:140) ~[tomcat-embed-core-10.1.40.jar:10.1.40]
	at org.springframework.web.filter.FormContentFilter.doFilterInternal(FormContentFilter.java:93) ~[spring-web-6.2.6.jar:6.2.6]
	at org.springframework.web.filter.OncePerRequestFilter.doFilter(OncePerRequestFilter.java:116) ~[spring-web-6.2.6.jar:6.2.6]
	at org.apache.catalina.core.ApplicationFilterChain.internalDoFilter(ApplicationFilterChain.java:164) ~[tomcat-embed-core-10.1.40.jar:10.1.40]
	at org.apache.catalina.core.ApplicationFilterChain.doFilter(ApplicationFilterChain.java:140) ~[tomcat-embed-core-10.1.40.jar:10.1.40]
	at org.springframework.web.filter.CharacterEncodingFilter.doFilterInternal(CharacterEncodingFilter.java:201) ~[spring-web-6.2.6.jar:6.2.6]
	at org.springframework.web.filter.OncePerRequestFilter.doFilter(OncePerRequestFilter.java:116) ~[spring-web-6.2.6.jar:6.2.6]
	at org.apache.catalina.core.ApplicationFilterChain.internalDoFilter(ApplicationFilterChain.java:164) ~[tomcat-embed-core-10.1.40.jar:10.1.40]
	at org.apache.catalina.core.ApplicationFilterChain.doFilter(ApplicationFilterChain.java:140) ~[tomcat-embed-core-10.1.40.jar:10.1.40]
	at org.apache.catalina.core.StandardWrapperValve.invoke(StandardWrapperValve.java:167) ~[tomcat-embed-core-10.1.40.jar:10.1.40]
	at org.apache.catalina.core.StandardContextValve.invoke(StandardContextValve.java:90) ~[tomcat-embed-core-10.1.40.jar:10.1.40]
	at org.apache.catalina.authenticator.AuthenticatorBase.invoke(AuthenticatorBase.java:483) ~[tomcat-embed-core-10.1.40.jar:10.1.40]
	at org.apache.catalina.core.StandardHostValve.invoke(StandardHostValve.java:116) ~[tomcat-embed-core-10.1.40.jar:10.1.40]
	at org.apache.catalina.valves.ErrorReportValve.invoke(ErrorReportValve.java:93) ~[tomcat-embed-core-10.1.40.jar:10.1.40]
	at org.apache.catalina.core.StandardEngineValve.invoke(StandardEngineValve.java:74) ~[tomcat-embed-core-10.1.40.jar:10.1.40]
	at org.apache.catalina.connector.CoyoteAdapter.service(CoyoteAdapter.java:344) ~[tomcat-embed-core-10.1.40.jar:10.1.40]
	at org.apache.coyote.http11.Http11Processor.service(Http11Processor.java:398) ~[tomcat-embed-core-10.1.40.jar:10.1.40]
	at org.apache.coyote.AbstractProcessorLight.process(AbstractProcessorLight.java:63) ~[tomcat-embed-core-10.1.40.jar:10.1.40]
	at org.apache.coyote.AbstractProtocol$ConnectionHandler.process(AbstractProtocol.java:903) ~[tomcat-embed-core-10.1.40.jar:10.1.40]
	at org.apache.tomcat.util.net.NioEndpoint$SocketProcessor.doRun(NioEndpoint.java:1740) ~[tomcat-embed-core-10.1.40.jar:10.1.40]
	at org.apache.tomcat.util.net.SocketProcessorBase.run(SocketProcessorBase.java:52) ~[tomcat-embed-core-10.1.40.jar:10.1.40]
	at org.apache.tomcat.util.threads.ThreadPoolExecutor.runWorker(ThreadPoolExecutor.java:1189) ~[tomcat-embed-core-10.1.40.jar:10.1.40]
	at org.apache.tomcat.util.threads.ThreadPoolExecutor$Worker.run(ThreadPoolExecutor.java:658) ~[tomcat-embed-core-10.1.40.jar:10.1.40]
	at org.apache.tomcat.util.threads.TaskThread$WrappingRunnable.run(TaskThread.java:63) ~[tomcat-embed-core-10.1.40.jar:10.1.40]
	at java.base/java.lang.Thread.run(Thread.java:1583) ~[na:na]

2025-05-11T06:10:40.504+05:30  INFO 25012 --- [JPArelation] [SpringApplicationShutdownHook] o.s.b.w.e.tomcat.GracefulShutdown        : Commencing graceful shutdown. Waiting for active requests to complete
2025-05-11T06:10:40.515+05:30  INFO 25012 --- [JPArelation] [tomcat-shutdown] o.s.b.w.e.tomcat.GracefulShutdown        : Graceful shutdown complete
2025-05-11T06:10:40.520+05:30  INFO 25012 --- [JPArelation] [SpringApplicationShutdownHook] j.LocalContainerEntityManagerFactoryBean : Closing JPA EntityManagerFactory for persistence unit 'default'
2025-05-11T06:10:40.529+05:30  INFO 25012 --- [JPArelation] [SpringApplicationShutdownHook] com.zaxxer.hikari.HikariDataSource       : HikariPool-1 - Shutdown initiated...
2025-05-11T06:10:40.533+05:30  INFO 25012 --- [JPArelation] [SpringApplicationShutdownHook] com.zaxxer.hikari.HikariDataSource       : HikariPool-1 - Shutdown completed.
2025-05-11T06:10:46.779+05:30  INFO 22772 --- [JPArelation] [main] c.J.JPArelation.JpArelationApplication   : Starting JpArelationApplication using Java 21.0.1 with PID 22772 (C:\Users\mnanra\OneDrive - Capgemini\Desktop\sb-ecom\JPArelation\target\classes started by mnanra in C:\Users\mnanra\OneDrive - Capgemini\Desktop\sb-ecom\JPArelation)
2025-05-11T06:10:46.783+05:30  INFO 22772 --- [JPArelation] [main] c.J.JPArelation.JpArelationApplication   : No active profile set, falling back to 1 default profile: "default"
2025-05-11T06:10:47.935+05:30  INFO 22772 --- [JPArelation] [main] .s.d.r.c.RepositoryConfigurationDelegate : Bootstrapping Spring Data JPA repositories in DEFAULT mode.
2025-05-11T06:10:48.063+05:30  INFO 22772 --- [JPArelation] [main] .s.d.r.c.RepositoryConfigurationDelegate : Finished Spring Data repository scanning in 113 ms. Found 4 JPA repository interfaces.
2025-05-11T06:10:48.912+05:30  INFO 22772 --- [JPArelation] [main] o.s.b.w.embedded.tomcat.TomcatWebServer  : Tomcat initialized with port 8080 (http)
2025-05-11T06:10:48.935+05:30  INFO 22772 --- [JPArelation] [main] o.apache.catalina.core.StandardService   : Starting service [Tomcat]
2025-05-11T06:10:48.936+05:30  INFO 22772 --- [JPArelation] [main] o.apache.catalina.core.StandardEngine    : Starting Servlet engine: [Apache Tomcat/10.1.40]
2025-05-11T06:10:49.040+05:30  INFO 22772 --- [JPArelation] [main] o.a.c.c.C.[Tomcat].[localhost].[/]       : Initializing Spring embedded WebApplicationContext
2025-05-11T06:10:49.041+05:30  INFO 22772 --- [JPArelation] [main] w.s.c.ServletWebServerApplicationContext : Root WebApplicationContext: initialization completed in 2169 ms
2025-05-11T06:10:49.250+05:30  INFO 22772 --- [JPArelation] [main] com.zaxxer.hikari.HikariDataSource       : HikariPool-1 - Starting...
2025-05-11T06:10:49.487+05:30  INFO 22772 --- [JPArelation] [main] com.zaxxer.hikari.pool.HikariPool        : HikariPool-1 - Added connection conn0: url=jdbc:h2:mem:test user=SA
2025-05-11T06:10:49.489+05:30  INFO 22772 --- [JPArelation] [main] com.zaxxer.hikari.HikariDataSource       : HikariPool-1 - Start completed.
2025-05-11T06:10:49.588+05:30  INFO 22772 --- [JPArelation] [main] o.hibernate.jpa.internal.util.LogHelper  : HHH000204: Processing PersistenceUnitInfo [name: default]
2025-05-11T06:10:49.675+05:30  INFO 22772 --- [JPArelation] [main] org.hibernate.Version                    : HHH000412: Hibernate ORM core version 6.6.13.Final
2025-05-11T06:10:49.742+05:30  INFO 22772 --- [JPArelation] [main] o.h.c.internal.RegionFactoryInitiator    : HHH000026: Second-level cache disabled
2025-05-11T06:10:50.135+05:30  INFO 22772 --- [JPArelation] [main] o.s.o.j.p.SpringPersistenceUnitInfo      : No LoadTimeWeaver setup: ignoring JPA class transformer
2025-05-11T06:10:50.239+05:30  INFO 22772 --- [JPArelation] [main] org.hibernate.orm.connections.pooling    : HHH10001005: Database info:
	Database JDBC URL [Connecting through datasource 'HikariDataSource (HikariPool-1)']
	Database driver: undefined/unknown
	Database version: 2.3.232
	Autocommit mode: undefined/unknown
	Isolation level: undefined/unknown
	Minimum pool size: undefined/unknown
	Maximum pool size: undefined/unknown
2025-05-11T06:10:51.367+05:30  INFO 22772 --- [JPArelation] [main] o.h.e.t.j.p.i.JtaPlatformInitiator       : HHH000489: No JTA platform available (set 'hibernate.transaction.jta.platform' to enable JTA platform integration)
2025-05-11T06:10:51.435+05:30  INFO 22772 --- [JPArelation] [main] j.LocalContainerEntityManagerFactoryBean : Initialized JPA EntityManagerFactory for persistence unit 'default'
2025-05-11T06:10:52.173+05:30  INFO 22772 --- [JPArelation] [main] o.s.b.a.h2.H2ConsoleAutoConfiguration    : H2 console available at '/h2-console'. Database available at 'jdbc:h2:mem:test'
2025-05-11T06:10:52.270+05:30  INFO 22772 --- [JPArelation] [main] o.s.b.w.embedded.tomcat.TomcatWebServer  : Tomcat started on port 8080 (http) with context path '/'
2025-05-11T06:10:52.279+05:30  INFO 22772 --- [JPArelation] [main] c.J.JPArelation.JpArelationApplication   : Started JpArelationApplication in 6.354 seconds (process running for 7.058)
2025-05-11T06:10:59.250+05:30  INFO 22772 --- [JPArelation] [http-nio-8080-exec-1] o.a.c.c.C.[Tomcat].[localhost].[/]       : Initializing Spring DispatcherServlet 'dispatcherServlet'
2025-05-11T06:10:59.251+05:30  INFO 22772 --- [JPArelation] [http-nio-8080-exec-1] o.s.web.servlet.DispatcherServlet        : Initializing Servlet 'dispatcherServlet'
2025-05-11T06:10:59.253+05:30  INFO 22772 --- [JPArelation] [http-nio-8080-exec-1] o.s.web.servlet.DispatcherServlet        : Completed initialization in 1 ms
2025-05-11T06:11:12.227+05:30  WARN 22772 --- [JPArelation] [http-nio-8080-exec-3] .w.s.m.s.DefaultHandlerExceptionResolver : Resolved [org.springframework.http.converter.HttpMessageNotReadableException: JSON parse error: Cannot construct instance of `com.JPA.JPArelation.models.SocialGroup` (although at least one Creator exists): no int/Int-argument constructor/factory method to deserialize from Number value (1)]
2025-05-11T06:11:15.256+05:30 ERROR 22772 --- [JPArelation] [http-nio-8080-exec-5] o.a.c.c.C.[.[.[/].[dispatcherServlet]    : Servlet.service() for servlet [dispatcherServlet] in context with path [] threw exception [Request processing failed: org.springframework.dao.InvalidDataAccessApiUsageException: org.hibernate.TransientObjectException: persistent instance references an unsaved transient instance of 'com.JPA.JPArelation.models.SocialUser' (save the transient instance before flushing)] with root cause

org.hibernate.TransientObjectException: persistent instance references an unsaved transient instance of 'com.JPA.JPArelation.models.SocialUser' (save the transient instance before flushing)
	at org.hibernate.engine.spi.CascadingActions$9.cascade(CascadingActions.java:382) ~[hibernate-core-6.6.13.Final.jar:6.6.13.Final]
	at org.hibernate.engine.spi.CascadingActions$9.cascade(CascadingActions.java:372) ~[hibernate-core-6.6.13.Final.jar:6.6.13.Final]
	at org.hibernate.engine.internal.Cascade.cascadeToOne(Cascade.java:570) ~[hibernate-core-6.6.13.Final.jar:6.6.13.Final]
	at org.hibernate.engine.internal.Cascade.cascadeAssociation(Cascade.java:492) ~[hibernate-core-6.6.13.Final.jar:6.6.13.Final]
	at org.hibernate.engine.internal.Cascade.cascadeProperty(Cascade.java:253) ~[hibernate-core-6.6.13.Final.jar:6.6.13.Final]
	at org.hibernate.engine.internal.Cascade.cascade(Cascade.java:192) ~[hibernate-core-6.6.13.Final.jar:6.6.13.Final]
	at org.hibernate.event.internal.AbstractFlushingEventListener.prepareEntityFlushes(AbstractFlushingEventListener.java:169) ~[hibernate-core-6.6.13.Final.jar:6.6.13.Final]
	at org.hibernate.event.internal.AbstractFlushingEventListener.preFlush(AbstractFlushingEventListener.java:107) ~[hibernate-core-6.6.13.Final.jar:6.6.13.Final]
	at org.hibernate.event.internal.AbstractFlushingEventListener.flushEverythingToExecutions(AbstractFlushingEventListener.java:82) ~[hibernate-core-6.6.13.Final.jar:6.6.13.Final]
	at org.hibernate.event.internal.DefaultFlushEventListener.onFlush(DefaultFlushEventListener.java:40) ~[hibernate-core-6.6.13.Final.jar:6.6.13.Final]
	at org.hibernate.event.service.internal.EventListenerGroupImpl.fireEventOnEachListener(EventListenerGroupImpl.java:127) ~[hibernate-core-6.6.13.Final.jar:6.6.13.Final]
	at org.hibernate.internal.SessionImpl.doFlush(SessionImpl.java:1429) ~[hibernate-core-6.6.13.Final.jar:6.6.13.Final]
	at org.hibernate.internal.SessionImpl.managedFlush(SessionImpl.java:491) ~[hibernate-core-6.6.13.Final.jar:6.6.13.Final]
	at org.hibernate.internal.SessionImpl.flushBeforeTransactionCompletion(SessionImpl.java:2354) ~[hibernate-core-6.6.13.Final.jar:6.6.13.Final]
	at org.hibernate.internal.SessionImpl.beforeTransactionCompletion(SessionImpl.java:1978) ~[hibernate-core-6.6.13.Final.jar:6.6.13.Final]
	at org.hibernate.engine.jdbc.internal.JdbcCoordinatorImpl.beforeTransactionCompletion(JdbcCoordinatorImpl.java:439) ~[hibernate-core-6.6.13.Final.jar:6.6.13.Final]
	at org.hibernate.resource.transaction.backend.jdbc.internal.JdbcResourceLocalTransactionCoordinatorImpl.beforeCompletionCallback(JdbcResourceLocalTransactionCoordinatorImpl.java:169) ~[hibernate-core-6.6.13.Final.jar:6.6.13.Final]
	at org.hibernate.resource.transaction.backend.jdbc.internal.JdbcResourceLocalTransactionCoordinatorImpl$TransactionDriverControlImpl.commit(JdbcResourceLocalTransactionCoordinatorImpl.java:267) ~[hibernate-core-6.6.13.Final.jar:6.6.13.Final]
	at org.hibernate.engine.transaction.internal.TransactionImpl.commit(TransactionImpl.java:101) ~[hibernate-core-6.6.13.Final.jar:6.6.13.Final]
	at org.springframework.orm.jpa.JpaTransactionManager.doCommit(JpaTransactionManager.java:562) ~[spring-orm-6.2.6.jar:6.2.6]
	at org.springframework.transaction.support.AbstractPlatformTransactionManager.processCommit(AbstractPlatformTransactionManager.java:795) ~[spring-tx-6.2.6.jar:6.2.6]
	at org.springframework.transaction.support.AbstractPlatformTransactionManager.commit(AbstractPlatformTransactionManager.java:758) ~[spring-tx-6.2.6.jar:6.2.6]
	at org.springframework.transaction.interceptor.TransactionAspectSupport.commitTransactionAfterReturning(TransactionAspectSupport.java:698) ~[spring-tx-6.2.6.jar:6.2.6]
	at org.springframework.transaction.interceptor.TransactionAspectSupport.invokeWithinTransaction(TransactionAspectSupport.java:416) ~[spring-tx-6.2.6.jar:6.2.6]
	at org.springframework.transaction.interceptor.TransactionInterceptor.invoke(TransactionInterceptor.java:119) ~[spring-tx-6.2.6.jar:6.2.6]
	at org.springframework.aop.framework.ReflectiveMethodInvocation.proceed(ReflectiveMethodInvocation.java:184) ~[spring-aop-6.2.6.jar:6.2.6]
	at org.springframework.dao.support.PersistenceExceptionTranslationInterceptor.invoke(PersistenceExceptionTranslationInterceptor.java:138) ~[spring-tx-6.2.6.jar:6.2.6]
	at org.springframework.aop.framework.ReflectiveMethodInvocation.proceed(ReflectiveMethodInvocation.java:184) ~[spring-aop-6.2.6.jar:6.2.6]
	at org.springframework.data.jpa.repository.support.CrudMethodMetadataPostProcessor$CrudMethodMetadataPopulatingMethodInterceptor.invoke(CrudMethodMetadataPostProcessor.java:165) ~[spring-data-jpa-3.4.5.jar:3.4.5]
	at org.springframework.aop.framework.ReflectiveMethodInvocation.proceed(ReflectiveMethodInvocation.java:184) ~[spring-aop-6.2.6.jar:6.2.6]
	at org.springframework.aop.framework.JdkDynamicAopProxy.invoke(JdkDynamicAopProxy.java:223) ~[spring-aop-6.2.6.jar:6.2.6]
	at jdk.proxy2/jdk.proxy2.$Proxy119.delete(Unknown Source) ~[na:na]
	at com.JPA.JPArelation.Service.SocialService.deleteUser(SocialService.java:28) ~[classes/:na]
	at com.JPA.JPArelation.Controller.SocialController.deleteUser(SocialController.java:34) ~[classes/:na]
	at java.base/jdk.internal.reflect.DirectMethodHandleAccessor.invoke(DirectMethodHandleAccessor.java:103) ~[na:na]
	at java.base/java.lang.reflect.Method.invoke(Method.java:580) ~[na:na]
	at org.springframework.web.method.support.InvocableHandlerMethod.doInvoke(InvocableHandlerMethod.java:258) ~[spring-web-6.2.6.jar:6.2.6]
	at org.springframework.web.method.support.InvocableHandlerMethod.invokeForRequest(InvocableHandlerMethod.java:191) ~[spring-web-6.2.6.jar:6.2.6]
	at org.springframework.web.servlet.mvc.method.annotation.ServletInvocableHandlerMethod.invokeAndHandle(ServletInvocableHandlerMethod.java:118) ~[spring-webmvc-6.2.6.jar:6.2.6]
	at org.springframework.web.servlet.mvc.method.annotation.RequestMappingHandlerAdapter.invokeHandlerMethod(RequestMappingHandlerAdapter.java:986) ~[spring-webmvc-6.2.6.jar:6.2.6]
	at org.springframework.web.servlet.mvc.method.annotation.RequestMappingHandlerAdapter.handleInternal(RequestMappingHandlerAdapter.java:891) ~[spring-webmvc-6.2.6.jar:6.2.6]
	at org.springframework.web.servlet.mvc.method.AbstractHandlerMethodAdapter.handle(AbstractHandlerMethodAdapter.java:87) ~[spring-webmvc-6.2.6.jar:6.2.6]
	at org.springframework.web.servlet.DispatcherServlet.doDispatch(DispatcherServlet.java:1089) ~[spring-webmvc-6.2.6.jar:6.2.6]
	at org.springframework.web.servlet.DispatcherServlet.doService(DispatcherServlet.java:979) ~[spring-webmvc-6.2.6.jar:6.2.6]
	at org.springframework.web.servlet.FrameworkServlet.processRequest(FrameworkServlet.java:1014) ~[spring-webmvc-6.2.6.jar:6.2.6]
	at org.springframework.web.servlet.FrameworkServlet.doDelete(FrameworkServlet.java:936) ~[spring-webmvc-6.2.6.jar:6.2.6]
	at jakarta.servlet.http.HttpServlet.service(HttpServlet.java:596) ~[tomcat-embed-core-10.1.40.jar:6.0]
	at org.springframework.web.servlet.FrameworkServlet.service(FrameworkServlet.java:885) ~[spring-webmvc-6.2.6.jar:6.2.6]
	at jakarta.servlet.http.HttpServlet.service(HttpServlet.java:658) ~[tomcat-embed-core-10.1.40.jar:6.0]
	at org.apache.catalina.core.ApplicationFilterChain.internalDoFilter(ApplicationFilterChain.java:195) ~[tomcat-embed-core-10.1.40.jar:10.1.40]
	at org.apache.catalina.core.ApplicationFilterChain.doFilter(ApplicationFilterChain.java:140) ~[tomcat-embed-core-10.1.40.jar:10.1.40]
	at org.apache.tomcat.websocket.server.WsFilter.doFilter(WsFilter.java:51) ~[tomcat-embed-websocket-10.1.40.jar:10.1.40]
	at org.apache.catalina.core.ApplicationFilterChain.internalDoFilter(ApplicationFilterChain.java:164) ~[tomcat-embed-core-10.1.40.jar:10.1.40]
	at org.apache.catalina.core.ApplicationFilterChain.doFilter(ApplicationFilterChain.java:140) ~[tomcat-embed-core-10.1.40.jar:10.1.40]
	at org.springframework.web.filter.RequestContextFilter.doFilterInternal(RequestContextFilter.java:100) ~[spring-web-6.2.6.jar:6.2.6]
	at org.springframework.web.filter.OncePerRequestFilter.doFilter(OncePerRequestFilter.java:116) ~[spring-web-6.2.6.jar:6.2.6]
	at org.apache.catalina.core.ApplicationFilterChain.internalDoFilter(ApplicationFilterChain.java:164) ~[tomcat-embed-core-10.1.40.jar:10.1.40]
	at org.apache.catalina.core.ApplicationFilterChain.doFilter(ApplicationFilterChain.java:140) ~[tomcat-embed-core-10.1.40.jar:10.1.40]
	at org.springframework.web.filter.FormContentFilter.doFilterInternal(FormContentFilter.java:93) ~[spring-web-6.2.6.jar:6.2.6]
	at org.springframework.web.filter.OncePerRequestFilter.doFilter(OncePerRequestFilter.java:116) ~[spring-web-6.2.6.jar:6.2.6]
	at org.apache.catalina.core.ApplicationFilterChain.internalDoFilter(ApplicationFilterChain.java:164) ~[tomcat-embed-core-10.1.40.jar:10.1.40]
	at org.apache.catalina.core.ApplicationFilterChain.doFilter(ApplicationFilterChain.java:140) ~[tomcat-embed-core-10.1.40.jar:10.1.40]
	at org.springframework.web.filter.CharacterEncodingFilter.doFilterInternal(CharacterEncodingFilter.java:201) ~[spring-web-6.2.6.jar:6.2.6]
	at org.springframework.web.filter.OncePerRequestFilter.doFilter(OncePerRequestFilter.java:116) ~[spring-web-6.2.6.jar:6.2.6]
	at org.apache.catalina.core.ApplicationFilterChain.internalDoFilter(ApplicationFilterChain.java:164) ~[tomcat-embed-core-10.1.40.jar:10.1.40]
	at org.apache.catalina.core.ApplicationFilterChain.doFilter(ApplicationFilterChain.java:140) ~[tomcat-embed-core-10.1.40.jar:10.1.40]
	at org.apache.catalina.core.StandardWrapperValve.invoke(StandardWrapperValve.java:167) ~[tomcat-embed-core-10.1.40.jar:10.1.40]
	at org.apache.catalina.core.StandardContextValve.invoke(StandardContextValve.java:90) ~[tomcat-embed-core-10.1.40.jar:10.1.40]
	at org.apache.catalina.authenticator.AuthenticatorBase.invoke(AuthenticatorBase.java:483) ~[tomcat-embed-core-10.1.40.jar:10.1.40]
	at org.apache.catalina.core.StandardHostValve.invoke(StandardHostValve.java:116) ~[tomcat-embed-core-10.1.40.jar:10.1.40]
	at org.apache.catalina.valves.ErrorReportValve.invoke(ErrorReportValve.java:93) ~[tomcat-embed-core-10.1.40.jar:10.1.40]
	at org.apache.catalina.core.StandardEngineValve.invoke(StandardEngineValve.java:74) ~[tomcat-embed-core-10.1.40.jar:10.1.40]
	at org.apache.catalina.connector.CoyoteAdapter.service(CoyoteAdapter.java:344) ~[tomcat-embed-core-10.1.40.jar:10.1.40]
	at org.apache.coyote.http11.Http11Processor.service(Http11Processor.java:398) ~[tomcat-embed-core-10.1.40.jar:10.1.40]
	at org.apache.coyote.AbstractProcessorLight.process(AbstractProcessorLight.java:63) ~[tomcat-embed-core-10.1.40.jar:10.1.40]
	at org.apache.coyote.AbstractProtocol$ConnectionHandler.process(AbstractProtocol.java:903) ~[tomcat-embed-core-10.1.40.jar:10.1.40]
	at org.apache.tomcat.util.net.NioEndpoint$SocketProcessor.doRun(NioEndpoint.java:1740) ~[tomcat-embed-core-10.1.40.jar:10.1.40]
	at org.apache.tomcat.util.net.SocketProcessorBase.run(SocketProcessorBase.java:52) ~[tomcat-embed-core-10.1.40.jar:10.1.40]
	at org.apache.tomcat.util.threads.ThreadPoolExecutor.runWorker(ThreadPoolExecutor.java:1189) ~[tomcat-embed-core-10.1.40.jar:10.1.40]
	at org.apache.tomcat.util.threads.ThreadPoolExecutor$Worker.run(ThreadPoolExecutor.java:658) ~[tomcat-embed-core-10.1.40.jar:10.1.40]
	at org.apache.tomcat.util.threads.TaskThread$WrappingRunnable.run(TaskThread.java:63) ~[tomcat-embed-core-10.1.40.jar:10.1.40]
	at java.base/java.lang.Thread.run(Thread.java:1583) ~[na:na]

2025-05-11T06:12:13.417+05:30  WARN 22772 --- [JPArelation] [http-nio-8080-exec-7] .w.s.m.s.DefaultHandlerExceptionResolver : Resolved [org.springframework.http.converter.HttpMessageNotReadableException: JSON parse error: Unexpected end-of-input: expected close marker for Object (start marker at [Source: REDACTED (`StreamReadFeature.INCLUDE_SOURCE_IN_LOCATION` disabled); line: 1, column: 1])]
2025-05-11T06:12:32.728+05:30 ERROR 22772 --- [JPArelation] [http-nio-8080-exec-9] o.a.c.c.C.[.[.[/].[dispatcherServlet]    : Servlet.service() for servlet [dispatcherServlet] in context with path [] threw exception [Request processing failed: org.springframework.dao.InvalidDataAccessApiUsageException: org.hibernate.TransientObjectException: persistent instance references an unsaved transient instance of 'com.JPA.JPArelation.models.SocialUser' (save the transient instance before flushing)] with root cause

org.hibernate.TransientObjectException: persistent instance references an unsaved transient instance of 'com.JPA.JPArelation.models.SocialUser' (save the transient instance before flushing)
	at org.hibernate.engine.spi.CascadingActions$9.cascade(CascadingActions.java:382) ~[hibernate-core-6.6.13.Final.jar:6.6.13.Final]
	at org.hibernate.engine.spi.CascadingActions$9.cascade(CascadingActions.java:372) ~[hibernate-core-6.6.13.Final.jar:6.6.13.Final]
	at org.hibernate.engine.internal.Cascade.cascadeToOne(Cascade.java:570) ~[hibernate-core-6.6.13.Final.jar:6.6.13.Final]
	at org.hibernate.engine.internal.Cascade.cascadeAssociation(Cascade.java:492) ~[hibernate-core-6.6.13.Final.jar:6.6.13.Final]
	at org.hibernate.engine.internal.Cascade.cascadeProperty(Cascade.java:253) ~[hibernate-core-6.6.13.Final.jar:6.6.13.Final]
	at org.hibernate.engine.internal.Cascade.cascade(Cascade.java:192) ~[hibernate-core-6.6.13.Final.jar:6.6.13.Final]
	at org.hibernate.event.internal.AbstractFlushingEventListener.prepareEntityFlushes(AbstractFlushingEventListener.java:169) ~[hibernate-core-6.6.13.Final.jar:6.6.13.Final]
	at org.hibernate.event.internal.AbstractFlushingEventListener.preFlush(AbstractFlushingEventListener.java:107) ~[hibernate-core-6.6.13.Final.jar:6.6.13.Final]
	at org.hibernate.event.internal.AbstractFlushingEventListener.flushEverythingToExecutions(AbstractFlushingEventListener.java:82) ~[hibernate-core-6.6.13.Final.jar:6.6.13.Final]
	at org.hibernate.event.internal.DefaultFlushEventListener.onFlush(DefaultFlushEventListener.java:40) ~[hibernate-core-6.6.13.Final.jar:6.6.13.Final]
	at org.hibernate.event.service.internal.EventListenerGroupImpl.fireEventOnEachListener(EventListenerGroupImpl.java:127) ~[hibernate-core-6.6.13.Final.jar:6.6.13.Final]
	at org.hibernate.internal.SessionImpl.doFlush(SessionImpl.java:1429) ~[hibernate-core-6.6.13.Final.jar:6.6.13.Final]
	at org.hibernate.internal.SessionImpl.managedFlush(SessionImpl.java:491) ~[hibernate-core-6.6.13.Final.jar:6.6.13.Final]
	at org.hibernate.internal.SessionImpl.flushBeforeTransactionCompletion(SessionImpl.java:2354) ~[hibernate-core-6.6.13.Final.jar:6.6.13.Final]
	at org.hibernate.internal.SessionImpl.beforeTransactionCompletion(SessionImpl.java:1978) ~[hibernate-core-6.6.13.Final.jar:6.6.13.Final]
	at org.hibernate.engine.jdbc.internal.JdbcCoordinatorImpl.beforeTransactionCompletion(JdbcCoordinatorImpl.java:439) ~[hibernate-core-6.6.13.Final.jar:6.6.13.Final]
	at org.hibernate.resource.transaction.backend.jdbc.internal.JdbcResourceLocalTransactionCoordinatorImpl.beforeCompletionCallback(JdbcResourceLocalTransactionCoordinatorImpl.java:169) ~[hibernate-core-6.6.13.Final.jar:6.6.13.Final]
	at org.hibernate.resource.transaction.backend.jdbc.internal.JdbcResourceLocalTransactionCoordinatorImpl$TransactionDriverControlImpl.commit(JdbcResourceLocalTransactionCoordinatorImpl.java:267) ~[hibernate-core-6.6.13.Final.jar:6.6.13.Final]
	at org.hibernate.engine.transaction.internal.TransactionImpl.commit(TransactionImpl.java:101) ~[hibernate-core-6.6.13.Final.jar:6.6.13.Final]
	at org.springframework.orm.jpa.JpaTransactionManager.doCommit(JpaTransactionManager.java:562) ~[spring-orm-6.2.6.jar:6.2.6]
	at org.springframework.transaction.support.AbstractPlatformTransactionManager.processCommit(AbstractPlatformTransactionManager.java:795) ~[spring-tx-6.2.6.jar:6.2.6]
	at org.springframework.transaction.support.AbstractPlatformTransactionManager.commit(AbstractPlatformTransactionManager.java:758) ~[spring-tx-6.2.6.jar:6.2.6]
	at org.springframework.transaction.interceptor.TransactionAspectSupport.commitTransactionAfterReturning(TransactionAspectSupport.java:698) ~[spring-tx-6.2.6.jar:6.2.6]
	at org.springframework.transaction.interceptor.TransactionAspectSupport.invokeWithinTransaction(TransactionAspectSupport.java:416) ~[spring-tx-6.2.6.jar:6.2.6]
	at org.springframework.transaction.interceptor.TransactionInterceptor.invoke(TransactionInterceptor.java:119) ~[spring-tx-6.2.6.jar:6.2.6]
	at org.springframework.aop.framework.ReflectiveMethodInvocation.proceed(ReflectiveMethodInvocation.java:184) ~[spring-aop-6.2.6.jar:6.2.6]
	at org.springframework.dao.support.PersistenceExceptionTranslationInterceptor.invoke(PersistenceExceptionTranslationInterceptor.java:138) ~[spring-tx-6.2.6.jar:6.2.6]
	at org.springframework.aop.framework.ReflectiveMethodInvocation.proceed(ReflectiveMethodInvocation.java:184) ~[spring-aop-6.2.6.jar:6.2.6]
	at org.springframework.data.jpa.repository.support.CrudMethodMetadataPostProcessor$CrudMethodMetadataPopulatingMethodInterceptor.invoke(CrudMethodMetadataPostProcessor.java:165) ~[spring-data-jpa-3.4.5.jar:3.4.5]
	at org.springframework.aop.framework.ReflectiveMethodInvocation.proceed(ReflectiveMethodInvocation.java:184) ~[spring-aop-6.2.6.jar:6.2.6]
	at org.springframework.aop.framework.JdkDynamicAopProxy.invoke(JdkDynamicAopProxy.java:223) ~[spring-aop-6.2.6.jar:6.2.6]
	at jdk.proxy2/jdk.proxy2.$Proxy119.delete(Unknown Source) ~[na:na]
	at com.JPA.JPArelation.Service.SocialService.deleteUser(SocialService.java:28) ~[classes/:na]
	at com.JPA.JPArelation.Controller.SocialController.deleteUser(SocialController.java:34) ~[classes/:na]
	at java.base/jdk.internal.reflect.DirectMethodHandleAccessor.invoke(DirectMethodHandleAccessor.java:103) ~[na:na]
	at java.base/java.lang.reflect.Method.invoke(Method.java:580) ~[na:na]
	at org.springframework.web.method.support.InvocableHandlerMethod.doInvoke(InvocableHandlerMethod.java:258) ~[spring-web-6.2.6.jar:6.2.6]
	at org.springframework.web.method.support.InvocableHandlerMethod.invokeForRequest(InvocableHandlerMethod.java:191) ~[spring-web-6.2.6.jar:6.2.6]
	at org.springframework.web.servlet.mvc.method.annotation.ServletInvocableHandlerMethod.invokeAndHandle(ServletInvocableHandlerMethod.java:118) ~[spring-webmvc-6.2.6.jar:6.2.6]
	at org.springframework.web.servlet.mvc.method.annotation.RequestMappingHandlerAdapter.invokeHandlerMethod(RequestMappingHandlerAdapter.java:986) ~[spring-webmvc-6.2.6.jar:6.2.6]
	at org.springframework.web.servlet.mvc.method.annotation.RequestMappingHandlerAdapter.handleInternal(RequestMappingHandlerAdapter.java:891) ~[spring-webmvc-6.2.6.jar:6.2.6]
	at org.springframework.web.servlet.mvc.method.AbstractHandlerMethodAdapter.handle(AbstractHandlerMethodAdapter.java:87) ~[spring-webmvc-6.2.6.jar:6.2.6]
	at org.springframework.web.servlet.DispatcherServlet.doDispatch(DispatcherServlet.java:1089) ~[spring-webmvc-6.2.6.jar:6.2.6]
	at org.springframework.web.servlet.DispatcherServlet.doService(DispatcherServlet.java:979) ~[spring-webmvc-6.2.6.jar:6.2.6]
	at org.springframework.web.servlet.FrameworkServlet.processRequest(FrameworkServlet.java:1014) ~[spring-webmvc-6.2.6.jar:6.2.6]
	at org.springframework.web.servlet.FrameworkServlet.doDelete(FrameworkServlet.java:936) ~[spring-webmvc-6.2.6.jar:6.2.6]
	at jakarta.servlet.http.HttpServlet.service(HttpServlet.java:596) ~[tomcat-embed-core-10.1.40.jar:6.0]
	at org.springframework.web.servlet.FrameworkServlet.service(FrameworkServlet.java:885) ~[spring-webmvc-6.2.6.jar:6.2.6]
	at jakarta.servlet.http.HttpServlet.service(HttpServlet.java:658) ~[tomcat-embed-core-10.1.40.jar:6.0]
	at org.apache.catalina.core.ApplicationFilterChain.internalDoFilter(ApplicationFilterChain.java:195) ~[tomcat-embed-core-10.1.40.jar:10.1.40]
	at org.apache.catalina.core.ApplicationFilterChain.doFilter(ApplicationFilterChain.java:140) ~[tomcat-embed-core-10.1.40.jar:10.1.40]
	at org.apache.tomcat.websocket.server.WsFilter.doFilter(WsFilter.java:51) ~[tomcat-embed-websocket-10.1.40.jar:10.1.40]
	at org.apache.catalina.core.ApplicationFilterChain.internalDoFilter(ApplicationFilterChain.java:164) ~[tomcat-embed-core-10.1.40.jar:10.1.40]
	at org.apache.catalina.core.ApplicationFilterChain.doFilter(ApplicationFilterChain.java:140) ~[tomcat-embed-core-10.1.40.jar:10.1.40]
	at org.springframework.web.filter.RequestContextFilter.doFilterInternal(RequestContextFilter.java:100) ~[spring-web-6.2.6.jar:6.2.6]
	at org.springframework.web.filter.OncePerRequestFilter.doFilter(OncePerRequestFilter.java:116) ~[spring-web-6.2.6.jar:6.2.6]
	at org.apache.catalina.core.ApplicationFilterChain.internalDoFilter(ApplicationFilterChain.java:164) ~[tomcat-embed-core-10.1.40.jar:10.1.40]
	at org.apache.catalina.core.ApplicationFilterChain.doFilter(ApplicationFilterChain.java:140) ~[tomcat-embed-core-10.1.40.jar:10.1.40]
	at org.springframework.web.filter.FormContentFilter.doFilterInternal(FormContentFilter.java:93) ~[spring-web-6.2.6.jar:6.2.6]
	at org.springframework.web.filter.OncePerRequestFilter.doFilter(OncePerRequestFilter.java:116) ~[spring-web-6.2.6.jar:6.2.6]
	at org.apache.catalina.core.ApplicationFilterChain.internalDoFilter(ApplicationFilterChain.java:164) ~[tomcat-embed-core-10.1.40.jar:10.1.40]
	at org.apache.catalina.core.ApplicationFilterChain.doFilter(ApplicationFilterChain.java:140) ~[tomcat-embed-core-10.1.40.jar:10.1.40]
	at org.springframework.web.filter.CharacterEncodingFilter.doFilterInternal(CharacterEncodingFilter.java:201) ~[spring-web-6.2.6.jar:6.2.6]
	at org.springframework.web.filter.OncePerRequestFilter.doFilter(OncePerRequestFilter.java:116) ~[spring-web-6.2.6.jar:6.2.6]
	at org.apache.catalina.core.ApplicationFilterChain.internalDoFilter(ApplicationFilterChain.java:164) ~[tomcat-embed-core-10.1.40.jar:10.1.40]
	at org.apache.catalina.core.ApplicationFilterChain.doFilter(ApplicationFilterChain.java:140) ~[tomcat-embed-core-10.1.40.jar:10.1.40]
	at org.apache.catalina.core.StandardWrapperValve.invoke(StandardWrapperValve.java:167) ~[tomcat-embed-core-10.1.40.jar:10.1.40]
	at org.apache.catalina.core.StandardContextValve.invoke(StandardContextValve.java:90) ~[tomcat-embed-core-10.1.40.jar:10.1.40]
	at org.apache.catalina.authenticator.AuthenticatorBase.invoke(AuthenticatorBase.java:483) ~[tomcat-embed-core-10.1.40.jar:10.1.40]
	at org.apache.catalina.core.StandardHostValve.invoke(StandardHostValve.java:116) ~[tomcat-embed-core-10.1.40.jar:10.1.40]
	at org.apache.catalina.valves.ErrorReportValve.invoke(ErrorReportValve.java:93) ~[tomcat-embed-core-10.1.40.jar:10.1.40]
	at org.apache.catalina.core.StandardEngineValve.invoke(StandardEngineValve.java:74) ~[tomcat-embed-core-10.1.40.jar:10.1.40]
	at org.apache.catalina.connector.CoyoteAdapter.service(CoyoteAdapter.java:344) ~[tomcat-embed-core-10.1.40.jar:10.1.40]
	at org.apache.coyote.http11.Http11Processor.service(Http11Processor.java:398) ~[tomcat-embed-core-10.1.40.jar:10.1.40]
	at org.apache.coyote.AbstractProcessorLight.process(AbstractProcessorLight.java:63) ~[tomcat-embed-core-10.1.40.jar:10.1.40]
	at org.apache.coyote.AbstractProtocol$ConnectionHandler.process(AbstractProtocol.java:903) ~[tomcat-embed-core-10.1.40.jar:10.1.40]
	at org.apache.tomcat.util.net.NioEndpoint$SocketProcessor.doRun(NioEndpoint.java:1740) ~[tomcat-embed-core-10.1.40.jar:10.1.40]
	at org.apache.tomcat.util.net.SocketProcessorBase.run(SocketProcessorBase.java:52) ~[tomcat-embed-core-10.1.40.jar:10.1.40]
	at org.apache.tomcat.util.threads.ThreadPoolExecutor.runWorker(ThreadPoolExecutor.java:1189) ~[tomcat-embed-core-10.1.40.jar:10.1.40]
	at org.apache.tomcat.util.threads.ThreadPoolExecutor$Worker.run(ThreadPoolExecutor.java:658) ~[tomcat-embed-core-10.1.40.jar:10.1.40]
	at org.apache.tomcat.util.threads.TaskThread$WrappingRunnable.run(TaskThread.java:63) ~[tomcat-embed-core-10.1.40.jar:10.1.40]
	at java.base/java.lang.Thread.run(Thread.java:1583) ~[na:na]

2025-05-11T06:15:38.648+05:30  INFO 22772 --- [JPArelation] [SpringApplicationShutdownHook] o.s.b.w.e.tomcat.GracefulShutdown        : Commencing graceful shutdown. Waiting for active requests to complete
2025-05-11T06:15:38.660+05:30  INFO 22772 --- [JPArelation] [tomcat-shutdown] o.s.b.w.e.tomcat.GracefulShutdown        : Graceful shutdown complete
2025-05-11T06:15:38.665+05:30  INFO 22772 --- [JPArelation] [SpringApplicationShutdownHook] j.LocalContainerEntityManagerFactoryBean : Closing JPA EntityManagerFactory for persistence unit 'default'
2025-05-11T06:15:38.676+05:30  INFO 22772 --- [JPArelation] [SpringApplicationShutdownHook] com.zaxxer.hikari.HikariDataSource       : HikariPool-1 - Shutdown initiated...
2025-05-11T06:15:38.679+05:30  INFO 22772 --- [JPArelation] [SpringApplicationShutdownHook] com.zaxxer.hikari.HikariDataSource       : HikariPool-1 - Shutdown completed.
2025-05-11T06:19:39.755+05:30  INFO 14872 --- [JPArelation] [main] c.J.JPArelation.JpArelationApplication   : Starting JpArelationApplication using Java 21.0.1 with PID 14872 (C:\Users\mnanra\OneDrive - Capgemini\Desktop\sb-ecom\JPArelation\target\classes started by mnanra in C:\Users\mnanra\OneDrive - Capgemini\Desktop\sb-ecom\JPArelation)
2025-05-11T06:19:39.759+05:30  INFO 14872 --- [JPArelation] [main] c.J.JPArelation.JpArelationApplication   : No active profile set, falling back to 1 default profile: "default"
2025-05-11T06:19:40.717+05:30  INFO 14872 --- [JPArelation] [main] .s.d.r.c.RepositoryConfigurationDelegate : Bootstrapping Spring Data JPA repositories in DEFAULT mode.
2025-05-11T06:19:40.811+05:30  INFO 14872 --- [JPArelation] [main] .s.d.r.c.RepositoryConfigurationDelegate : Finished Spring Data repository scanning in 80 ms. Found 4 JPA repository interfaces.
2025-05-11T06:19:41.481+05:30  INFO 14872 --- [JPArelation] [main] o.s.b.w.embedded.tomcat.TomcatWebServer  : Tomcat initialized with port 8080 (http)
2025-05-11T06:19:41.500+05:30  INFO 14872 --- [JPArelation] [main] o.apache.catalina.core.StandardService   : Starting service [Tomcat]
2025-05-11T06:19:41.501+05:30  INFO 14872 --- [JPArelation] [main] o.apache.catalina.core.StandardEngine    : Starting Servlet engine: [Apache Tomcat/10.1.40]
2025-05-11T06:19:41.593+05:30  INFO 14872 --- [JPArelation] [main] o.a.c.c.C.[Tomcat].[localhost].[/]       : Initializing Spring embedded WebApplicationContext
2025-05-11T06:19:41.594+05:30  INFO 14872 --- [JPArelation] [main] w.s.c.ServletWebServerApplicationContext : Root WebApplicationContext: initialization completed in 1758 ms
2025-05-11T06:19:41.812+05:30  INFO 14872 --- [JPArelation] [main] com.zaxxer.hikari.HikariDataSource       : HikariPool-1 - Starting...
2025-05-11T06:19:42.052+05:30  INFO 14872 --- [JPArelation] [main] com.zaxxer.hikari.pool.HikariPool        : HikariPool-1 - Added connection conn0: url=jdbc:h2:mem:test user=SA
2025-05-11T06:19:42.055+05:30  INFO 14872 --- [JPArelation] [main] com.zaxxer.hikari.HikariDataSource       : HikariPool-1 - Start completed.
2025-05-11T06:19:42.120+05:30  INFO 14872 --- [JPArelation] [main] o.hibernate.jpa.internal.util.LogHelper  : HHH000204: Processing PersistenceUnitInfo [name: default]
2025-05-11T06:19:42.210+05:30  INFO 14872 --- [JPArelation] [main] org.hibernate.Version                    : HHH000412: Hibernate ORM core version 6.6.13.Final
2025-05-11T06:19:42.259+05:30  INFO 14872 --- [JPArelation] [main] o.h.c.internal.RegionFactoryInitiator    : HHH000026: Second-level cache disabled
2025-05-11T06:19:42.670+05:30  INFO 14872 --- [JPArelation] [main] o.s.o.j.p.SpringPersistenceUnitInfo      : No LoadTimeWeaver setup: ignoring JPA class transformer
2025-05-11T06:19:42.784+05:30  INFO 14872 --- [JPArelation] [main] org.hibernate.orm.connections.pooling    : HHH10001005: Database info:
	Database JDBC URL [Connecting through datasource 'HikariDataSource (HikariPool-1)']
	Database driver: undefined/unknown
	Database version: 2.3.232
	Autocommit mode: undefined/unknown
	Isolation level: undefined/unknown
	Minimum pool size: undefined/unknown
	Maximum pool size: undefined/unknown
2025-05-11T06:19:43.922+05:30  INFO 14872 --- [JPArelation] [main] o.h.e.t.j.p.i.JtaPlatformInitiator       : HHH000489: No JTA platform available (set 'hibernate.transaction.jta.platform' to enable JTA platform integration)
2025-05-11T06:19:43.996+05:30  INFO 14872 --- [JPArelation] [main] j.LocalContainerEntityManagerFactoryBean : Initialized JPA EntityManagerFactory for persistence unit 'default'
2025-05-11T06:19:44.857+05:30  INFO 14872 --- [JPArelation] [main] o.s.b.a.h2.H2ConsoleAutoConfiguration    : H2 console available at '/h2-console'. Database available at 'jdbc:h2:mem:test'
2025-05-11T06:19:44.964+05:30  INFO 14872 --- [JPArelation] [main] o.s.b.w.embedded.tomcat.TomcatWebServer  : Tomcat started on port 8080 (http) with context path '/'
2025-05-11T06:19:44.976+05:30  INFO 14872 --- [JPArelation] [main] c.J.JPArelation.JpArelationApplication   : Started JpArelationApplication in 5.895 seconds (process running for 6.418)
2025-05-11T06:19:49.009+05:30  INFO 14872 --- [JPArelation] [http-nio-8080-exec-2] o.a.c.c.C.[Tomcat].[localhost].[/]       : Initializing Spring DispatcherServlet 'dispatcherServlet'
2025-05-11T06:19:49.010+05:30  INFO 14872 --- [JPArelation] [http-nio-8080-exec-2] o.s.web.servlet.DispatcherServlet        : Initializing Servlet 'dispatcherServlet'
2025-05-11T06:19:49.011+05:30  INFO 14872 --- [JPArelation] [http-nio-8080-exec-2] o.s.web.servlet.DispatcherServlet        : Completed initialization in 1 ms
2025-05-11T06:19:49.092+05:30  WARN 14872 --- [JPArelation] [http-nio-8080-exec-2] o.h.engine.jdbc.spi.SqlExceptionHelper   : SQL Error: 23503, SQLState: 23503
2025-05-11T06:19:49.093+05:30 ERROR 14872 --- [JPArelation] [http-nio-8080-exec-2] o.h.engine.jdbc.spi.SqlExceptionHelper   : Referential integrity constraint violation: "FKE1UOWV0K023INXELPJXIKACHG: PUBLIC.POST FOREIGN KEY(USER_ID) REFERENCES PUBLIC.SOCIAL_USER(ID) (CAST(1 AS BIGINT))"; SQL statement:
delete from social_user where id=? [23503-232]
2025-05-11T06:19:49.110+05:30 ERROR 14872 --- [JPArelation] [http-nio-8080-exec-2] o.a.c.c.C.[.[.[/].[dispatcherServlet]    : Servlet.service() for servlet [dispatcherServlet] in context with path [] threw exception [Request processing failed: org.springframework.dao.DataIntegrityViolationException: could not execute statement [Referential integrity constraint violation: "FKE1UOWV0K023INXELPJXIKACHG: PUBLIC.POST FOREIGN KEY(USER_ID) REFERENCES PUBLIC.SOCIAL_USER(ID) (CAST(1 AS BIGINT))"; SQL statement:
delete from social_user where id=? [23503-232]] [delete from social_user where id=?]; SQL [delete from social_user where id=?]; constraint [FKE1UOWV0K023INXELPJXIKACHG: PUBLIC.POST FOREIGN KEY(USER_ID) REFERENCES PUBLIC.SOCIAL_USER(ID) (CAST(1 AS BIGINT)); SQL statement:
delete from social_user where id=? [23503-232]]] with root cause

org.h2.jdbc.JdbcSQLIntegrityConstraintViolationException: Referential integrity constraint violation: "FKE1UOWV0K023INXELPJXIKACHG: PUBLIC.POST FOREIGN KEY(USER_ID) REFERENCES PUBLIC.SOCIAL_USER(ID) (CAST(1 AS BIGINT))"; SQL statement:
delete from social_user where id=? [23503-232]
	at org.h2.message.DbException.getJdbcSQLException(DbException.java:520) ~[h2-2.3.232.jar:2.3.232]
	at org.h2.message.DbException.getJdbcSQLException(DbException.java:489) ~[h2-2.3.232.jar:2.3.232]
	at org.h2.message.DbException.get(DbException.java:223) ~[h2-2.3.232.jar:2.3.232]
	at org.h2.message.DbException.get(DbException.java:199) ~[h2-2.3.232.jar:2.3.232]
	at org.h2.constraint.ConstraintReferential.checkRow(ConstraintReferential.java:362) ~[h2-2.3.232.jar:2.3.232]
	at org.h2.constraint.ConstraintReferential.checkRowRefTable(ConstraintReferential.java:379) ~[h2-2.3.232.jar:2.3.232]
	at org.h2.constraint.ConstraintReferential.checkRow(ConstraintReferential.java:253) ~[h2-2.3.232.jar:2.3.232]
	at org.h2.table.Table.fireConstraints(Table.java:1227) ~[h2-2.3.232.jar:2.3.232]
	at org.h2.table.Table.fireAfterRow(Table.java:1245) ~[h2-2.3.232.jar:2.3.232]
	at org.h2.command.dml.Delete.update(Delete.java:92) ~[h2-2.3.232.jar:2.3.232]
	at org.h2.command.dml.DataChangeStatement.update(DataChangeStatement.java:74) ~[h2-2.3.232.jar:2.3.232]
	at org.h2.command.CommandContainer.update(CommandContainer.java:139) ~[h2-2.3.232.jar:2.3.232]
	at org.h2.command.Command.executeUpdate(Command.java:304) ~[h2-2.3.232.jar:2.3.232]
	at org.h2.command.Command.executeUpdate(Command.java:248) ~[h2-2.3.232.jar:2.3.232]
	at org.h2.jdbc.JdbcPreparedStatement.executeUpdateInternal(JdbcPreparedStatement.java:213) ~[h2-2.3.232.jar:2.3.232]
	at org.h2.jdbc.JdbcPreparedStatement.executeUpdate(JdbcPreparedStatement.java:172) ~[h2-2.3.232.jar:2.3.232]
	at com.zaxxer.hikari.pool.ProxyPreparedStatement.executeUpdate(ProxyPreparedStatement.java:61) ~[HikariCP-5.1.0.jar:na]
	at com.zaxxer.hikari.pool.HikariProxyPreparedStatement.executeUpdate(HikariProxyPreparedStatement.java) ~[HikariCP-5.1.0.jar:na]
	at org.hibernate.engine.jdbc.internal.ResultSetReturnImpl.executeUpdate(ResultSetReturnImpl.java:194) ~[hibernate-core-6.6.13.Final.jar:6.6.13.Final]
	at org.hibernate.engine.jdbc.mutation.internal.AbstractMutationExecutor.performNonBatchedMutation(AbstractMutationExecutor.java:134) ~[hibernate-core-6.6.13.Final.jar:6.6.13.Final]
	at org.hibernate.engine.jdbc.mutation.internal.MutationExecutorSingleNonBatched.performNonBatchedOperations(MutationExecutorSingleNonBatched.java:55) ~[hibernate-core-6.6.13.Final.jar:6.6.13.Final]
	at org.hibernate.engine.jdbc.mutation.internal.AbstractMutationExecutor.execute(AbstractMutationExecutor.java:55) ~[hibernate-core-6.6.13.Final.jar:6.6.13.Final]
	at org.hibernate.persister.entity.mutation.AbstractDeleteCoordinator.doStaticDelete(AbstractDeleteCoordinator.java:279) ~[hibernate-core-6.6.13.Final.jar:6.6.13.Final]
	at org.hibernate.persister.entity.mutation.AbstractDeleteCoordinator.delete(AbstractDeleteCoordinator.java:87) ~[hibernate-core-6.6.13.Final.jar:6.6.13.Final]
	at org.hibernate.action.internal.EntityDeleteAction.execute(EntityDeleteAction.java:131) ~[hibernate-core-6.6.13.Final.jar:6.6.13.Final]
	at org.hibernate.engine.spi.ActionQueue.executeActions(ActionQueue.java:644) ~[hibernate-core-6.6.13.Final.jar:6.6.13.Final]
	at org.hibernate.engine.spi.ActionQueue.executeActions(ActionQueue.java:511) ~[hibernate-core-6.6.13.Final.jar:6.6.13.Final]
	at org.hibernate.event.internal.AbstractFlushingEventListener.performExecutions(AbstractFlushingEventListener.java:414) ~[hibernate-core-6.6.13.Final.jar:6.6.13.Final]
	at org.hibernate.event.internal.DefaultFlushEventListener.onFlush(DefaultFlushEventListener.java:41) ~[hibernate-core-6.6.13.Final.jar:6.6.13.Final]
	at org.hibernate.event.service.internal.EventListenerGroupImpl.fireEventOnEachListener(EventListenerGroupImpl.java:127) ~[hibernate-core-6.6.13.Final.jar:6.6.13.Final]
	at org.hibernate.internal.SessionImpl.doFlush(SessionImpl.java:1429) ~[hibernate-core-6.6.13.Final.jar:6.6.13.Final]
	at org.hibernate.internal.SessionImpl.managedFlush(SessionImpl.java:491) ~[hibernate-core-6.6.13.Final.jar:6.6.13.Final]
	at org.hibernate.internal.SessionImpl.flushBeforeTransactionCompletion(SessionImpl.java:2354) ~[hibernate-core-6.6.13.Final.jar:6.6.13.Final]
	at org.hibernate.internal.SessionImpl.beforeTransactionCompletion(SessionImpl.java:1978) ~[hibernate-core-6.6.13.Final.jar:6.6.13.Final]
	at org.hibernate.engine.jdbc.internal.JdbcCoordinatorImpl.beforeTransactionCompletion(JdbcCoordinatorImpl.java:439) ~[hibernate-core-6.6.13.Final.jar:6.6.13.Final]
	at org.hibernate.resource.transaction.backend.jdbc.internal.JdbcResourceLocalTransactionCoordinatorImpl.beforeCompletionCallback(JdbcResourceLocalTransactionCoordinatorImpl.java:169) ~[hibernate-core-6.6.13.Final.jar:6.6.13.Final]
	at org.hibernate.resource.transaction.backend.jdbc.internal.JdbcResourceLocalTransactionCoordinatorImpl$TransactionDriverControlImpl.commit(JdbcResourceLocalTransactionCoordinatorImpl.java:267) ~[hibernate-core-6.6.13.Final.jar:6.6.13.Final]
	at org.hibernate.engine.transaction.internal.TransactionImpl.commit(TransactionImpl.java:101) ~[hibernate-core-6.6.13.Final.jar:6.6.13.Final]
	at org.springframework.orm.jpa.JpaTransactionManager.doCommit(JpaTransactionManager.java:562) ~[spring-orm-6.2.6.jar:6.2.6]
	at org.springframework.transaction.support.AbstractPlatformTransactionManager.processCommit(AbstractPlatformTransactionManager.java:795) ~[spring-tx-6.2.6.jar:6.2.6]
	at org.springframework.transaction.support.AbstractPlatformTransactionManager.commit(AbstractPlatformTransactionManager.java:758) ~[spring-tx-6.2.6.jar:6.2.6]
	at org.springframework.transaction.interceptor.TransactionAspectSupport.commitTransactionAfterReturning(TransactionAspectSupport.java:698) ~[spring-tx-6.2.6.jar:6.2.6]
	at org.springframework.transaction.interceptor.TransactionAspectSupport.invokeWithinTransaction(TransactionAspectSupport.java:416) ~[spring-tx-6.2.6.jar:6.2.6]
	at org.springframework.transaction.interceptor.TransactionInterceptor.invoke(TransactionInterceptor.java:119) ~[spring-tx-6.2.6.jar:6.2.6]
	at org.springframework.aop.framework.ReflectiveMethodInvocation.proceed(ReflectiveMethodInvocation.java:184) ~[spring-aop-6.2.6.jar:6.2.6]
	at org.springframework.dao.support.PersistenceExceptionTranslationInterceptor.invoke(PersistenceExceptionTranslationInterceptor.java:138) ~[spring-tx-6.2.6.jar:6.2.6]
	at org.springframework.aop.framework.ReflectiveMethodInvocation.proceed(ReflectiveMethodInvocation.java:184) ~[spring-aop-6.2.6.jar:6.2.6]
	at org.springframework.data.jpa.repository.support.CrudMethodMetadataPostProcessor$CrudMethodMetadataPopulatingMethodInterceptor.invoke(CrudMethodMetadataPostProcessor.java:165) ~[spring-data-jpa-3.4.5.jar:3.4.5]
	at org.springframework.aop.framework.ReflectiveMethodInvocation.proceed(ReflectiveMethodInvocation.java:184) ~[spring-aop-6.2.6.jar:6.2.6]
	at org.springframework.aop.framework.JdkDynamicAopProxy.invoke(JdkDynamicAopProxy.java:223) ~[spring-aop-6.2.6.jar:6.2.6]
	at jdk.proxy2/jdk.proxy2.$Proxy119.delete(Unknown Source) ~[na:na]
	at com.JPA.JPArelation.Service.SocialService.deleteUser(SocialService.java:28) ~[classes/:na]
	at com.JPA.JPArelation.Controller.SocialController.deleteUser(SocialController.java:34) ~[classes/:na]
	at java.base/jdk.internal.reflect.DirectMethodHandleAccessor.invoke(DirectMethodHandleAccessor.java:103) ~[na:na]
	at java.base/java.lang.reflect.Method.invoke(Method.java:580) ~[na:na]
	at org.springframework.web.method.support.InvocableHandlerMethod.doInvoke(InvocableHandlerMethod.java:258) ~[spring-web-6.2.6.jar:6.2.6]
	at org.springframework.web.method.support.InvocableHandlerMethod.invokeForRequest(InvocableHandlerMethod.java:191) ~[spring-web-6.2.6.jar:6.2.6]
	at org.springframework.web.servlet.mvc.method.annotation.ServletInvocableHandlerMethod.invokeAndHandle(ServletInvocableHandlerMethod.java:118) ~[spring-webmvc-6.2.6.jar:6.2.6]
	at org.springframework.web.servlet.mvc.method.annotation.RequestMappingHandlerAdapter.invokeHandlerMethod(RequestMappingHandlerAdapter.java:986) ~[spring-webmvc-6.2.6.jar:6.2.6]
	at org.springframework.web.servlet.mvc.method.annotation.RequestMappingHandlerAdapter.handleInternal(RequestMappingHandlerAdapter.java:891) ~[spring-webmvc-6.2.6.jar:6.2.6]
	at org.springframework.web.servlet.mvc.method.AbstractHandlerMethodAdapter.handle(AbstractHandlerMethodAdapter.java:87) ~[spring-webmvc-6.2.6.jar:6.2.6]
	at org.springframework.web.servlet.DispatcherServlet.doDispatch(DispatcherServlet.java:1089) ~[spring-webmvc-6.2.6.jar:6.2.6]
	at org.springframework.web.servlet.DispatcherServlet.doService(DispatcherServlet.java:979) ~[spring-webmvc-6.2.6.jar:6.2.6]
	at org.springframework.web.servlet.FrameworkServlet.processRequest(FrameworkServlet.java:1014) ~[spring-webmvc-6.2.6.jar:6.2.6]
	at org.springframework.web.servlet.FrameworkServlet.doDelete(FrameworkServlet.java:936) ~[spring-webmvc-6.2.6.jar:6.2.6]
	at jakarta.servlet.http.HttpServlet.service(HttpServlet.java:596) ~[tomcat-embed-core-10.1.40.jar:6.0]
	at org.springframework.web.servlet.FrameworkServlet.service(FrameworkServlet.java:885) ~[spring-webmvc-6.2.6.jar:6.2.6]
	at jakarta.servlet.http.HttpServlet.service(HttpServlet.java:658) ~[tomcat-embed-core-10.1.40.jar:6.0]
	at org.apache.catalina.core.ApplicationFilterChain.internalDoFilter(ApplicationFilterChain.java:195) ~[tomcat-embed-core-10.1.40.jar:10.1.40]
	at org.apache.catalina.core.ApplicationFilterChain.doFilter(ApplicationFilterChain.java:140) ~[tomcat-embed-core-10.1.40.jar:10.1.40]
	at org.apache.tomcat.websocket.server.WsFilter.doFilter(WsFilter.java:51) ~[tomcat-embed-websocket-10.1.40.jar:10.1.40]
	at org.apache.catalina.core.ApplicationFilterChain.internalDoFilter(ApplicationFilterChain.java:164) ~[tomcat-embed-core-10.1.40.jar:10.1.40]
	at org.apache.catalina.core.ApplicationFilterChain.doFilter(ApplicationFilterChain.java:140) ~[tomcat-embed-core-10.1.40.jar:10.1.40]
	at org.springframework.web.filter.RequestContextFilter.doFilterInternal(RequestContextFilter.java:100) ~[spring-web-6.2.6.jar:6.2.6]
	at org.springframework.web.filter.OncePerRequestFilter.doFilter(OncePerRequestFilter.java:116) ~[spring-web-6.2.6.jar:6.2.6]
	at org.apache.catalina.core.ApplicationFilterChain.internalDoFilter(ApplicationFilterChain.java:164) ~[tomcat-embed-core-10.1.40.jar:10.1.40]
	at org.apache.catalina.core.ApplicationFilterChain.doFilter(ApplicationFilterChain.java:140) ~[tomcat-embed-core-10.1.40.jar:10.1.40]
	at org.springframework.web.filter.FormContentFilter.doFilterInternal(FormContentFilter.java:93) ~[spring-web-6.2.6.jar:6.2.6]
	at org.springframework.web.filter.OncePerRequestFilter.doFilter(OncePerRequestFilter.java:116) ~[spring-web-6.2.6.jar:6.2.6]
	at org.apache.catalina.core.ApplicationFilterChain.internalDoFilter(ApplicationFilterChain.java:164) ~[tomcat-embed-core-10.1.40.jar:10.1.40]
	at org.apache.catalina.core.ApplicationFilterChain.doFilter(ApplicationFilterChain.java:140) ~[tomcat-embed-core-10.1.40.jar:10.1.40]
	at org.springframework.web.filter.CharacterEncodingFilter.doFilterInternal(CharacterEncodingFilter.java:201) ~[spring-web-6.2.6.jar:6.2.6]
	at org.springframework.web.filter.OncePerRequestFilter.doFilter(OncePerRequestFilter.java:116) ~[spring-web-6.2.6.jar:6.2.6]
	at org.apache.catalina.core.ApplicationFilterChain.internalDoFilter(ApplicationFilterChain.java:164) ~[tomcat-embed-core-10.1.40.jar:10.1.40]
	at org.apache.catalina.core.ApplicationFilterChain.doFilter(ApplicationFilterChain.java:140) ~[tomcat-embed-core-10.1.40.jar:10.1.40]
	at org.apache.catalina.core.StandardWrapperValve.invoke(StandardWrapperValve.java:167) ~[tomcat-embed-core-10.1.40.jar:10.1.40]
	at org.apache.catalina.core.StandardContextValve.invoke(StandardContextValve.java:90) ~[tomcat-embed-core-10.1.40.jar:10.1.40]
	at org.apache.catalina.authenticator.AuthenticatorBase.invoke(AuthenticatorBase.java:483) ~[tomcat-embed-core-10.1.40.jar:10.1.40]
	at org.apache.catalina.core.StandardHostValve.invoke(StandardHostValve.java:116) ~[tomcat-embed-core-10.1.40.jar:10.1.40]
	at org.apache.catalina.valves.ErrorReportValve.invoke(ErrorReportValve.java:93) ~[tomcat-embed-core-10.1.40.jar:10.1.40]
	at org.apache.catalina.core.StandardEngineValve.invoke(StandardEngineValve.java:74) ~[tomcat-embed-core-10.1.40.jar:10.1.40]
	at org.apache.catalina.connector.CoyoteAdapter.service(CoyoteAdapter.java:344) ~[tomcat-embed-core-10.1.40.jar:10.1.40]
	at org.apache.coyote.http11.Http11Processor.service(Http11Processor.java:398) ~[tomcat-embed-core-10.1.40.jar:10.1.40]
	at org.apache.coyote.AbstractProcessorLight.process(AbstractProcessorLight.java:63) ~[tomcat-embed-core-10.1.40.jar:10.1.40]
	at org.apache.coyote.AbstractProtocol$ConnectionHandler.process(AbstractProtocol.java:903) ~[tomcat-embed-core-10.1.40.jar:10.1.40]
	at org.apache.tomcat.util.net.NioEndpoint$SocketProcessor.doRun(NioEndpoint.java:1740) ~[tomcat-embed-core-10.1.40.jar:10.1.40]
	at org.apache.tomcat.util.net.SocketProcessorBase.run(SocketProcessorBase.java:52) ~[tomcat-embed-core-10.1.40.jar:10.1.40]
	at org.apache.tomcat.util.threads.ThreadPoolExecutor.runWorker(ThreadPoolExecutor.java:1189) ~[tomcat-embed-core-10.1.40.jar:10.1.40]
	at org.apache.tomcat.util.threads.ThreadPoolExecutor$Worker.run(ThreadPoolExecutor.java:658) ~[tomcat-embed-core-10.1.40.jar:10.1.40]
	at org.apache.tomcat.util.threads.TaskThread$WrappingRunnable.run(TaskThread.java:63) ~[tomcat-embed-core-10.1.40.jar:10.1.40]
	at java.base/java.lang.Thread.run(Thread.java:1583) ~[na:na]

2025-05-11T06:20:07.288+05:30  WARN 14872 --- [JPArelation] [http-nio-8080-exec-4] o.h.engine.jdbc.spi.SqlExceptionHelper   : SQL Error: 23503, SQLState: 23503
2025-05-11T06:20:07.288+05:30 ERROR 14872 --- [JPArelation] [http-nio-8080-exec-4] o.h.engine.jdbc.spi.SqlExceptionHelper   : Referential integrity constraint violation: "FKE1UOWV0K023INXELPJXIKACHG: PUBLIC.POST FOREIGN KEY(USER_ID) REFERENCES PUBLIC.SOCIAL_USER(ID) (CAST(1 AS BIGINT))"; SQL statement:
delete from social_user where id=? [23503-232]
2025-05-11T06:20:07.295+05:30 ERROR 14872 --- [JPArelation] [http-nio-8080-exec-4] o.a.c.c.C.[.[.[/].[dispatcherServlet]    : Servlet.service() for servlet [dispatcherServlet] in context with path [] threw exception [Request processing failed: org.springframework.dao.DataIntegrityViolationException: could not execute statement [Referential integrity constraint violation: "FKE1UOWV0K023INXELPJXIKACHG: PUBLIC.POST FOREIGN KEY(USER_ID) REFERENCES PUBLIC.SOCIAL_USER(ID) (CAST(1 AS BIGINT))"; SQL statement:
delete from social_user where id=? [23503-232]] [delete from social_user where id=?]; SQL [delete from social_user where id=?]; constraint [FKE1UOWV0K023INXELPJXIKACHG: PUBLIC.POST FOREIGN KEY(USER_ID) REFERENCES PUBLIC.SOCIAL_USER(ID) (CAST(1 AS BIGINT)); SQL statement:
delete from social_user where id=? [23503-232]]] with root cause

org.h2.jdbc.JdbcSQLIntegrityConstraintViolationException: Referential integrity constraint violation: "FKE1UOWV0K023INXELPJXIKACHG: PUBLIC.POST FOREIGN KEY(USER_ID) REFERENCES PUBLIC.SOCIAL_USER(ID) (CAST(1 AS BIGINT))"; SQL statement:
delete from social_user where id=? [23503-232]
	at org.h2.message.DbException.getJdbcSQLException(DbException.java:520) ~[h2-2.3.232.jar:2.3.232]
	at org.h2.message.DbException.getJdbcSQLException(DbException.java:489) ~[h2-2.3.232.jar:2.3.232]
	at org.h2.message.DbException.get(DbException.java:223) ~[h2-2.3.232.jar:2.3.232]
	at org.h2.message.DbException.get(DbException.java:199) ~[h2-2.3.232.jar:2.3.232]
	at org.h2.constraint.ConstraintReferential.checkRow(ConstraintReferential.java:362) ~[h2-2.3.232.jar:2.3.232]
	at org.h2.constraint.ConstraintReferential.checkRowRefTable(ConstraintReferential.java:379) ~[h2-2.3.232.jar:2.3.232]
	at org.h2.constraint.ConstraintReferential.checkRow(ConstraintReferential.java:253) ~[h2-2.3.232.jar:2.3.232]
	at org.h2.table.Table.fireConstraints(Table.java:1227) ~[h2-2.3.232.jar:2.3.232]
	at org.h2.table.Table.fireAfterRow(Table.java:1245) ~[h2-2.3.232.jar:2.3.232]
	at org.h2.command.dml.Delete.update(Delete.java:92) ~[h2-2.3.232.jar:2.3.232]
	at org.h2.command.dml.DataChangeStatement.update(DataChangeStatement.java:74) ~[h2-2.3.232.jar:2.3.232]
	at org.h2.command.CommandContainer.update(CommandContainer.java:139) ~[h2-2.3.232.jar:2.3.232]
	at org.h2.command.Command.executeUpdate(Command.java:304) ~[h2-2.3.232.jar:2.3.232]
	at org.h2.command.Command.executeUpdate(Command.java:248) ~[h2-2.3.232.jar:2.3.232]
	at org.h2.jdbc.JdbcPreparedStatement.executeUpdateInternal(JdbcPreparedStatement.java:213) ~[h2-2.3.232.jar:2.3.232]
	at org.h2.jdbc.JdbcPreparedStatement.executeUpdate(JdbcPreparedStatement.java:172) ~[h2-2.3.232.jar:2.3.232]
	at com.zaxxer.hikari.pool.ProxyPreparedStatement.executeUpdate(ProxyPreparedStatement.java:61) ~[HikariCP-5.1.0.jar:na]
	at com.zaxxer.hikari.pool.HikariProxyPreparedStatement.executeUpdate(HikariProxyPreparedStatement.java) ~[HikariCP-5.1.0.jar:na]
	at org.hibernate.engine.jdbc.internal.ResultSetReturnImpl.executeUpdate(ResultSetReturnImpl.java:194) ~[hibernate-core-6.6.13.Final.jar:6.6.13.Final]
	at org.hibernate.engine.jdbc.mutation.internal.AbstractMutationExecutor.performNonBatchedMutation(AbstractMutationExecutor.java:134) ~[hibernate-core-6.6.13.Final.jar:6.6.13.Final]
	at org.hibernate.engine.jdbc.mutation.internal.MutationExecutorSingleNonBatched.performNonBatchedOperations(MutationExecutorSingleNonBatched.java:55) ~[hibernate-core-6.6.13.Final.jar:6.6.13.Final]
	at org.hibernate.engine.jdbc.mutation.internal.AbstractMutationExecutor.execute(AbstractMutationExecutor.java:55) ~[hibernate-core-6.6.13.Final.jar:6.6.13.Final]
	at org.hibernate.persister.entity.mutation.AbstractDeleteCoordinator.doStaticDelete(AbstractDeleteCoordinator.java:279) ~[hibernate-core-6.6.13.Final.jar:6.6.13.Final]
	at org.hibernate.persister.entity.mutation.AbstractDeleteCoordinator.delete(AbstractDeleteCoordinator.java:87) ~[hibernate-core-6.6.13.Final.jar:6.6.13.Final]
	at org.hibernate.action.internal.EntityDeleteAction.execute(EntityDeleteAction.java:131) ~[hibernate-core-6.6.13.Final.jar:6.6.13.Final]
	at org.hibernate.engine.spi.ActionQueue.executeActions(ActionQueue.java:644) ~[hibernate-core-6.6.13.Final.jar:6.6.13.Final]
	at org.hibernate.engine.spi.ActionQueue.executeActions(ActionQueue.java:511) ~[hibernate-core-6.6.13.Final.jar:6.6.13.Final]
	at org.hibernate.event.internal.AbstractFlushingEventListener.performExecutions(AbstractFlushingEventListener.java:414) ~[hibernate-core-6.6.13.Final.jar:6.6.13.Final]
	at org.hibernate.event.internal.DefaultFlushEventListener.onFlush(DefaultFlushEventListener.java:41) ~[hibernate-core-6.6.13.Final.jar:6.6.13.Final]
	at org.hibernate.event.service.internal.EventListenerGroupImpl.fireEventOnEachListener(EventListenerGroupImpl.java:127) ~[hibernate-core-6.6.13.Final.jar:6.6.13.Final]
	at org.hibernate.internal.SessionImpl.doFlush(SessionImpl.java:1429) ~[hibernate-core-6.6.13.Final.jar:6.6.13.Final]
	at org.hibernate.internal.SessionImpl.managedFlush(SessionImpl.java:491) ~[hibernate-core-6.6.13.Final.jar:6.6.13.Final]
	at org.hibernate.internal.SessionImpl.flushBeforeTransactionCompletion(SessionImpl.java:2354) ~[hibernate-core-6.6.13.Final.jar:6.6.13.Final]
	at org.hibernate.internal.SessionImpl.beforeTransactionCompletion(SessionImpl.java:1978) ~[hibernate-core-6.6.13.Final.jar:6.6.13.Final]
	at org.hibernate.engine.jdbc.internal.JdbcCoordinatorImpl.beforeTransactionCompletion(JdbcCoordinatorImpl.java:439) ~[hibernate-core-6.6.13.Final.jar:6.6.13.Final]
	at org.hibernate.resource.transaction.backend.jdbc.internal.JdbcResourceLocalTransactionCoordinatorImpl.beforeCompletionCallback(JdbcResourceLocalTransactionCoordinatorImpl.java:169) ~[hibernate-core-6.6.13.Final.jar:6.6.13.Final]
	at org.hibernate.resource.transaction.backend.jdbc.internal.JdbcResourceLocalTransactionCoordinatorImpl$TransactionDriverControlImpl.commit(JdbcResourceLocalTransactionCoordinatorImpl.java:267) ~[hibernate-core-6.6.13.Final.jar:6.6.13.Final]
	at org.hibernate.engine.transaction.internal.TransactionImpl.commit(TransactionImpl.java:101) ~[hibernate-core-6.6.13.Final.jar:6.6.13.Final]
	at org.springframework.orm.jpa.JpaTransactionManager.doCommit(JpaTransactionManager.java:562) ~[spring-orm-6.2.6.jar:6.2.6]
	at org.springframework.transaction.support.AbstractPlatformTransactionManager.processCommit(AbstractPlatformTransactionManager.java:795) ~[spring-tx-6.2.6.jar:6.2.6]
	at org.springframework.transaction.support.AbstractPlatformTransactionManager.commit(AbstractPlatformTransactionManager.java:758) ~[spring-tx-6.2.6.jar:6.2.6]
	at org.springframework.transaction.interceptor.TransactionAspectSupport.commitTransactionAfterReturning(TransactionAspectSupport.java:698) ~[spring-tx-6.2.6.jar:6.2.6]
	at org.springframework.transaction.interceptor.TransactionAspectSupport.invokeWithinTransaction(TransactionAspectSupport.java:416) ~[spring-tx-6.2.6.jar:6.2.6]
	at org.springframework.transaction.interceptor.TransactionInterceptor.invoke(TransactionInterceptor.java:119) ~[spring-tx-6.2.6.jar:6.2.6]
	at org.springframework.aop.framework.ReflectiveMethodInvocation.proceed(ReflectiveMethodInvocation.java:184) ~[spring-aop-6.2.6.jar:6.2.6]
	at org.springframework.dao.support.PersistenceExceptionTranslationInterceptor.invoke(PersistenceExceptionTranslationInterceptor.java:138) ~[spring-tx-6.2.6.jar:6.2.6]
	at org.springframework.aop.framework.ReflectiveMethodInvocation.proceed(ReflectiveMethodInvocation.java:184) ~[spring-aop-6.2.6.jar:6.2.6]
	at org.springframework.data.jpa.repository.support.CrudMethodMetadataPostProcessor$CrudMethodMetadataPopulatingMethodInterceptor.invoke(CrudMethodMetadataPostProcessor.java:165) ~[spring-data-jpa-3.4.5.jar:3.4.5]
	at org.springframework.aop.framework.ReflectiveMethodInvocation.proceed(ReflectiveMethodInvocation.java:184) ~[spring-aop-6.2.6.jar:6.2.6]
	at org.springframework.aop.framework.JdkDynamicAopProxy.invoke(JdkDynamicAopProxy.java:223) ~[spring-aop-6.2.6.jar:6.2.6]
	at jdk.proxy2/jdk.proxy2.$Proxy119.delete(Unknown Source) ~[na:na]
	at com.JPA.JPArelation.Service.SocialService.deleteUser(SocialService.java:28) ~[classes/:na]
	at com.JPA.JPArelation.Controller.SocialController.deleteUser(SocialController.java:34) ~[classes/:na]
	at java.base/jdk.internal.reflect.DirectMethodHandleAccessor.invoke(DirectMethodHandleAccessor.java:103) ~[na:na]
	at java.base/java.lang.reflect.Method.invoke(Method.java:580) ~[na:na]
	at org.springframework.web.method.support.InvocableHandlerMethod.doInvoke(InvocableHandlerMethod.java:258) ~[spring-web-6.2.6.jar:6.2.6]
	at org.springframework.web.method.support.InvocableHandlerMethod.invokeForRequest(InvocableHandlerMethod.java:191) ~[spring-web-6.2.6.jar:6.2.6]
	at org.springframework.web.servlet.mvc.method.annotation.ServletInvocableHandlerMethod.invokeAndHandle(ServletInvocableHandlerMethod.java:118) ~[spring-webmvc-6.2.6.jar:6.2.6]
	at org.springframework.web.servlet.mvc.method.annotation.RequestMappingHandlerAdapter.invokeHandlerMethod(RequestMappingHandlerAdapter.java:986) ~[spring-webmvc-6.2.6.jar:6.2.6]
	at org.springframework.web.servlet.mvc.method.annotation.RequestMappingHandlerAdapter.handleInternal(RequestMappingHandlerAdapter.java:891) ~[spring-webmvc-6.2.6.jar:6.2.6]
	at org.springframework.web.servlet.mvc.method.AbstractHandlerMethodAdapter.handle(AbstractHandlerMethodAdapter.java:87) ~[spring-webmvc-6.2.6.jar:6.2.6]
	at org.springframework.web.servlet.DispatcherServlet.doDispatch(DispatcherServlet.java:1089) ~[spring-webmvc-6.2.6.jar:6.2.6]
	at org.springframework.web.servlet.DispatcherServlet.doService(DispatcherServlet.java:979) ~[spring-webmvc-6.2.6.jar:6.2.6]
	at org.springframework.web.servlet.FrameworkServlet.processRequest(FrameworkServlet.java:1014) ~[spring-webmvc-6.2.6.jar:6.2.6]
	at org.springframework.web.servlet.FrameworkServlet.doDelete(FrameworkServlet.java:936) ~[spring-webmvc-6.2.6.jar:6.2.6]
	at jakarta.servlet.http.HttpServlet.service(HttpServlet.java:596) ~[tomcat-embed-core-10.1.40.jar:6.0]
	at org.springframework.web.servlet.FrameworkServlet.service(FrameworkServlet.java:885) ~[spring-webmvc-6.2.6.jar:6.2.6]
	at jakarta.servlet.http.HttpServlet.service(HttpServlet.java:658) ~[tomcat-embed-core-10.1.40.jar:6.0]
	at org.apache.catalina.core.ApplicationFilterChain.internalDoFilter(ApplicationFilterChain.java:195) ~[tomcat-embed-core-10.1.40.jar:10.1.40]
	at org.apache.catalina.core.ApplicationFilterChain.doFilter(ApplicationFilterChain.java:140) ~[tomcat-embed-core-10.1.40.jar:10.1.40]
	at org.apache.tomcat.websocket.server.WsFilter.doFilter(WsFilter.java:51) ~[tomcat-embed-websocket-10.1.40.jar:10.1.40]
	at org.apache.catalina.core.ApplicationFilterChain.internalDoFilter(ApplicationFilterChain.java:164) ~[tomcat-embed-core-10.1.40.jar:10.1.40]
	at org.apache.catalina.core.ApplicationFilterChain.doFilter(ApplicationFilterChain.java:140) ~[tomcat-embed-core-10.1.40.jar:10.1.40]
	at org.springframework.web.filter.RequestContextFilter.doFilterInternal(RequestContextFilter.java:100) ~[spring-web-6.2.6.jar:6.2.6]
	at org.springframework.web.filter.OncePerRequestFilter.doFilter(OncePerRequestFilter.java:116) ~[spring-web-6.2.6.jar:6.2.6]
	at org.apache.catalina.core.ApplicationFilterChain.internalDoFilter(ApplicationFilterChain.java:164) ~[tomcat-embed-core-10.1.40.jar:10.1.40]
	at org.apache.catalina.core.ApplicationFilterChain.doFilter(ApplicationFilterChain.java:140) ~[tomcat-embed-core-10.1.40.jar:10.1.40]
	at org.springframework.web.filter.FormContentFilter.doFilterInternal(FormContentFilter.java:93) ~[spring-web-6.2.6.jar:6.2.6]
	at org.springframework.web.filter.OncePerRequestFilter.doFilter(OncePerRequestFilter.java:116) ~[spring-web-6.2.6.jar:6.2.6]
	at org.apache.catalina.core.ApplicationFilterChain.internalDoFilter(ApplicationFilterChain.java:164) ~[tomcat-embed-core-10.1.40.jar:10.1.40]
	at org.apache.catalina.core.ApplicationFilterChain.doFilter(ApplicationFilterChain.java:140) ~[tomcat-embed-core-10.1.40.jar:10.1.40]
	at org.springframework.web.filter.CharacterEncodingFilter.doFilterInternal(CharacterEncodingFilter.java:201) ~[spring-web-6.2.6.jar:6.2.6]
	at org.springframework.web.filter.OncePerRequestFilter.doFilter(OncePerRequestFilter.java:116) ~[spring-web-6.2.6.jar:6.2.6]
	at org.apache.catalina.core.ApplicationFilterChain.internalDoFilter(ApplicationFilterChain.java:164) ~[tomcat-embed-core-10.1.40.jar:10.1.40]
	at org.apache.catalina.core.ApplicationFilterChain.doFilter(ApplicationFilterChain.java:140) ~[tomcat-embed-core-10.1.40.jar:10.1.40]
	at org.apache.catalina.core.StandardWrapperValve.invoke(StandardWrapperValve.java:167) ~[tomcat-embed-core-10.1.40.jar:10.1.40]
	at org.apache.catalina.core.StandardContextValve.invoke(StandardContextValve.java:90) ~[tomcat-embed-core-10.1.40.jar:10.1.40]
	at org.apache.catalina.authenticator.AuthenticatorBase.invoke(AuthenticatorBase.java:483) ~[tomcat-embed-core-10.1.40.jar:10.1.40]
	at org.apache.catalina.core.StandardHostValve.invoke(StandardHostValve.java:116) ~[tomcat-embed-core-10.1.40.jar:10.1.40]
	at org.apache.catalina.valves.ErrorReportValve.invoke(ErrorReportValve.java:93) ~[tomcat-embed-core-10.1.40.jar:10.1.40]
	at org.apache.catalina.core.StandardEngineValve.invoke(StandardEngineValve.java:74) ~[tomcat-embed-core-10.1.40.jar:10.1.40]
	at org.apache.catalina.connector.CoyoteAdapter.service(CoyoteAdapter.java:344) ~[tomcat-embed-core-10.1.40.jar:10.1.40]
	at org.apache.coyote.http11.Http11Processor.service(Http11Processor.java:398) ~[tomcat-embed-core-10.1.40.jar:10.1.40]
	at org.apache.coyote.AbstractProcessorLight.process(AbstractProcessorLight.java:63) ~[tomcat-embed-core-10.1.40.jar:10.1.40]
	at org.apache.coyote.AbstractProtocol$ConnectionHandler.process(AbstractProtocol.java:903) ~[tomcat-embed-core-10.1.40.jar:10.1.40]
	at org.apache.tomcat.util.net.NioEndpoint$SocketProcessor.doRun(NioEndpoint.java:1740) ~[tomcat-embed-core-10.1.40.jar:10.1.40]
	at org.apache.tomcat.util.net.SocketProcessorBase.run(SocketProcessorBase.java:52) ~[tomcat-embed-core-10.1.40.jar:10.1.40]
	at org.apache.tomcat.util.threads.ThreadPoolExecutor.runWorker(ThreadPoolExecutor.java:1189) ~[tomcat-embed-core-10.1.40.jar:10.1.40]
	at org.apache.tomcat.util.threads.ThreadPoolExecutor$Worker.run(ThreadPoolExecutor.java:658) ~[tomcat-embed-core-10.1.40.jar:10.1.40]
	at org.apache.tomcat.util.threads.TaskThread$WrappingRunnable.run(TaskThread.java:63) ~[tomcat-embed-core-10.1.40.jar:10.1.40]
	at java.base/java.lang.Thread.run(Thread.java:1583) ~[na:na]

2025-05-11T06:20:45.587+05:30  WARN 14872 --- [JPArelation] [http-nio-8080-exec-8] o.h.engine.jdbc.spi.SqlExceptionHelper   : SQL Error: 23503, SQLState: 23503
2025-05-11T06:20:45.588+05:30 ERROR 14872 --- [JPArelation] [http-nio-8080-exec-8] o.h.engine.jdbc.spi.SqlExceptionHelper   : Referential integrity constraint violation: "FKE1UOWV0K023INXELPJXIKACHG: PUBLIC.POST FOREIGN KEY(USER_ID) REFERENCES PUBLIC.SOCIAL_USER(ID) (CAST(1 AS BIGINT))"; SQL statement:
delete from social_user where id=? [23503-232]
2025-05-11T06:20:45.590+05:30 ERROR 14872 --- [JPArelation] [http-nio-8080-exec-8] o.a.c.c.C.[.[.[/].[dispatcherServlet]    : Servlet.service() for servlet [dispatcherServlet] in context with path [] threw exception [Request processing failed: org.springframework.dao.DataIntegrityViolationException: could not execute statement [Referential integrity constraint violation: "FKE1UOWV0K023INXELPJXIKACHG: PUBLIC.POST FOREIGN KEY(USER_ID) REFERENCES PUBLIC.SOCIAL_USER(ID) (CAST(1 AS BIGINT))"; SQL statement:
delete from social_user where id=? [23503-232]] [delete from social_user where id=?]; SQL [delete from social_user where id=?]; constraint [FKE1UOWV0K023INXELPJXIKACHG: PUBLIC.POST FOREIGN KEY(USER_ID) REFERENCES PUBLIC.SOCIAL_USER(ID) (CAST(1 AS BIGINT)); SQL statement:
delete from social_user where id=? [23503-232]]] with root cause

org.h2.jdbc.JdbcSQLIntegrityConstraintViolationException: Referential integrity constraint violation: "FKE1UOWV0K023INXELPJXIKACHG: PUBLIC.POST FOREIGN KEY(USER_ID) REFERENCES PUBLIC.SOCIAL_USER(ID) (CAST(1 AS BIGINT))"; SQL statement:
delete from social_user where id=? [23503-232]
	at org.h2.message.DbException.getJdbcSQLException(DbException.java:520) ~[h2-2.3.232.jar:2.3.232]
	at org.h2.message.DbException.getJdbcSQLException(DbException.java:489) ~[h2-2.3.232.jar:2.3.232]
	at org.h2.message.DbException.get(DbException.java:223) ~[h2-2.3.232.jar:2.3.232]
	at org.h2.message.DbException.get(DbException.java:199) ~[h2-2.3.232.jar:2.3.232]
	at org.h2.constraint.ConstraintReferential.checkRow(ConstraintReferential.java:362) ~[h2-2.3.232.jar:2.3.232]
	at org.h2.constraint.ConstraintReferential.checkRowRefTable(ConstraintReferential.java:379) ~[h2-2.3.232.jar:2.3.232]
	at org.h2.constraint.ConstraintReferential.checkRow(ConstraintReferential.java:253) ~[h2-2.3.232.jar:2.3.232]
	at org.h2.table.Table.fireConstraints(Table.java:1227) ~[h2-2.3.232.jar:2.3.232]
	at org.h2.table.Table.fireAfterRow(Table.java:1245) ~[h2-2.3.232.jar:2.3.232]
	at org.h2.command.dml.Delete.update(Delete.java:92) ~[h2-2.3.232.jar:2.3.232]
	at org.h2.command.dml.DataChangeStatement.update(DataChangeStatement.java:74) ~[h2-2.3.232.jar:2.3.232]
	at org.h2.command.CommandContainer.update(CommandContainer.java:139) ~[h2-2.3.232.jar:2.3.232]
	at org.h2.command.Command.executeUpdate(Command.java:304) ~[h2-2.3.232.jar:2.3.232]
	at org.h2.command.Command.executeUpdate(Command.java:248) ~[h2-2.3.232.jar:2.3.232]
	at org.h2.jdbc.JdbcPreparedStatement.executeUpdateInternal(JdbcPreparedStatement.java:213) ~[h2-2.3.232.jar:2.3.232]
	at org.h2.jdbc.JdbcPreparedStatement.executeUpdate(JdbcPreparedStatement.java:172) ~[h2-2.3.232.jar:2.3.232]
	at com.zaxxer.hikari.pool.ProxyPreparedStatement.executeUpdate(ProxyPreparedStatement.java:61) ~[HikariCP-5.1.0.jar:na]
	at com.zaxxer.hikari.pool.HikariProxyPreparedStatement.executeUpdate(HikariProxyPreparedStatement.java) ~[HikariCP-5.1.0.jar:na]
	at org.hibernate.engine.jdbc.internal.ResultSetReturnImpl.executeUpdate(ResultSetReturnImpl.java:194) ~[hibernate-core-6.6.13.Final.jar:6.6.13.Final]
	at org.hibernate.engine.jdbc.mutation.internal.AbstractMutationExecutor.performNonBatchedMutation(AbstractMutationExecutor.java:134) ~[hibernate-core-6.6.13.Final.jar:6.6.13.Final]
	at org.hibernate.engine.jdbc.mutation.internal.MutationExecutorSingleNonBatched.performNonBatchedOperations(MutationExecutorSingleNonBatched.java:55) ~[hibernate-core-6.6.13.Final.jar:6.6.13.Final]
	at org.hibernate.engine.jdbc.mutation.internal.AbstractMutationExecutor.execute(AbstractMutationExecutor.java:55) ~[hibernate-core-6.6.13.Final.jar:6.6.13.Final]
	at org.hibernate.persister.entity.mutation.AbstractDeleteCoordinator.doStaticDelete(AbstractDeleteCoordinator.java:279) ~[hibernate-core-6.6.13.Final.jar:6.6.13.Final]
	at org.hibernate.persister.entity.mutation.AbstractDeleteCoordinator.delete(AbstractDeleteCoordinator.java:87) ~[hibernate-core-6.6.13.Final.jar:6.6.13.Final]
	at org.hibernate.action.internal.EntityDeleteAction.execute(EntityDeleteAction.java:131) ~[hibernate-core-6.6.13.Final.jar:6.6.13.Final]
	at org.hibernate.engine.spi.ActionQueue.executeActions(ActionQueue.java:644) ~[hibernate-core-6.6.13.Final.jar:6.6.13.Final]
	at org.hibernate.engine.spi.ActionQueue.executeActions(ActionQueue.java:511) ~[hibernate-core-6.6.13.Final.jar:6.6.13.Final]
	at org.hibernate.event.internal.AbstractFlushingEventListener.performExecutions(AbstractFlushingEventListener.java:414) ~[hibernate-core-6.6.13.Final.jar:6.6.13.Final]
	at org.hibernate.event.internal.DefaultFlushEventListener.onFlush(DefaultFlushEventListener.java:41) ~[hibernate-core-6.6.13.Final.jar:6.6.13.Final]
	at org.hibernate.event.service.internal.EventListenerGroupImpl.fireEventOnEachListener(EventListenerGroupImpl.java:127) ~[hibernate-core-6.6.13.Final.jar:6.6.13.Final]
	at org.hibernate.internal.SessionImpl.doFlush(SessionImpl.java:1429) ~[hibernate-core-6.6.13.Final.jar:6.6.13.Final]
	at org.hibernate.internal.SessionImpl.managedFlush(SessionImpl.java:491) ~[hibernate-core-6.6.13.Final.jar:6.6.13.Final]
	at org.hibernate.internal.SessionImpl.flushBeforeTransactionCompletion(SessionImpl.java:2354) ~[hibernate-core-6.6.13.Final.jar:6.6.13.Final]
	at org.hibernate.internal.SessionImpl.beforeTransactionCompletion(SessionImpl.java:1978) ~[hibernate-core-6.6.13.Final.jar:6.6.13.Final]
	at org.hibernate.engine.jdbc.internal.JdbcCoordinatorImpl.beforeTransactionCompletion(JdbcCoordinatorImpl.java:439) ~[hibernate-core-6.6.13.Final.jar:6.6.13.Final]
	at org.hibernate.resource.transaction.backend.jdbc.internal.JdbcResourceLocalTransactionCoordinatorImpl.beforeCompletionCallback(JdbcResourceLocalTransactionCoordinatorImpl.java:169) ~[hibernate-core-6.6.13.Final.jar:6.6.13.Final]
	at org.hibernate.resource.transaction.backend.jdbc.internal.JdbcResourceLocalTransactionCoordinatorImpl$TransactionDriverControlImpl.commit(JdbcResourceLocalTransactionCoordinatorImpl.java:267) ~[hibernate-core-6.6.13.Final.jar:6.6.13.Final]
	at org.hibernate.engine.transaction.internal.TransactionImpl.commit(TransactionImpl.java:101) ~[hibernate-core-6.6.13.Final.jar:6.6.13.Final]
	at org.springframework.orm.jpa.JpaTransactionManager.doCommit(JpaTransactionManager.java:562) ~[spring-orm-6.2.6.jar:6.2.6]
	at org.springframework.transaction.support.AbstractPlatformTransactionManager.processCommit(AbstractPlatformTransactionManager.java:795) ~[spring-tx-6.2.6.jar:6.2.6]
	at org.springframework.transaction.support.AbstractPlatformTransactionManager.commit(AbstractPlatformTransactionManager.java:758) ~[spring-tx-6.2.6.jar:6.2.6]
	at org.springframework.transaction.interceptor.TransactionAspectSupport.commitTransactionAfterReturning(TransactionAspectSupport.java:698) ~[spring-tx-6.2.6.jar:6.2.6]
	at org.springframework.transaction.interceptor.TransactionAspectSupport.invokeWithinTransaction(TransactionAspectSupport.java:416) ~[spring-tx-6.2.6.jar:6.2.6]
	at org.springframework.transaction.interceptor.TransactionInterceptor.invoke(TransactionInterceptor.java:119) ~[spring-tx-6.2.6.jar:6.2.6]
	at org.springframework.aop.framework.ReflectiveMethodInvocation.proceed(ReflectiveMethodInvocation.java:184) ~[spring-aop-6.2.6.jar:6.2.6]
	at org.springframework.dao.support.PersistenceExceptionTranslationInterceptor.invoke(PersistenceExceptionTranslationInterceptor.java:138) ~[spring-tx-6.2.6.jar:6.2.6]
	at org.springframework.aop.framework.ReflectiveMethodInvocation.proceed(ReflectiveMethodInvocation.java:184) ~[spring-aop-6.2.6.jar:6.2.6]
	at org.springframework.data.jpa.repository.support.CrudMethodMetadataPostProcessor$CrudMethodMetadataPopulatingMethodInterceptor.invoke(CrudMethodMetadataPostProcessor.java:165) ~[spring-data-jpa-3.4.5.jar:3.4.5]
	at org.springframework.aop.framework.ReflectiveMethodInvocation.proceed(ReflectiveMethodInvocation.java:184) ~[spring-aop-6.2.6.jar:6.2.6]
	at org.springframework.aop.framework.JdkDynamicAopProxy.invoke(JdkDynamicAopProxy.java:223) ~[spring-aop-6.2.6.jar:6.2.6]
	at jdk.proxy2/jdk.proxy2.$Proxy119.delete(Unknown Source) ~[na:na]
	at com.JPA.JPArelation.Service.SocialService.deleteUser(SocialService.java:28) ~[classes/:na]
	at com.JPA.JPArelation.Controller.SocialController.deleteUser(SocialController.java:34) ~[classes/:na]
	at java.base/jdk.internal.reflect.DirectMethodHandleAccessor.invoke(DirectMethodHandleAccessor.java:103) ~[na:na]
	at java.base/java.lang.reflect.Method.invoke(Method.java:580) ~[na:na]
	at org.springframework.web.method.support.InvocableHandlerMethod.doInvoke(InvocableHandlerMethod.java:258) ~[spring-web-6.2.6.jar:6.2.6]
	at org.springframework.web.method.support.InvocableHandlerMethod.invokeForRequest(InvocableHandlerMethod.java:191) ~[spring-web-6.2.6.jar:6.2.6]
	at org.springframework.web.servlet.mvc.method.annotation.ServletInvocableHandlerMethod.invokeAndHandle(ServletInvocableHandlerMethod.java:118) ~[spring-webmvc-6.2.6.jar:6.2.6]
	at org.springframework.web.servlet.mvc.method.annotation.RequestMappingHandlerAdapter.invokeHandlerMethod(RequestMappingHandlerAdapter.java:986) ~[spring-webmvc-6.2.6.jar:6.2.6]
	at org.springframework.web.servlet.mvc.method.annotation.RequestMappingHandlerAdapter.handleInternal(RequestMappingHandlerAdapter.java:891) ~[spring-webmvc-6.2.6.jar:6.2.6]
	at org.springframework.web.servlet.mvc.method.AbstractHandlerMethodAdapter.handle(AbstractHandlerMethodAdapter.java:87) ~[spring-webmvc-6.2.6.jar:6.2.6]
	at org.springframework.web.servlet.DispatcherServlet.doDispatch(DispatcherServlet.java:1089) ~[spring-webmvc-6.2.6.jar:6.2.6]
	at org.springframework.web.servlet.DispatcherServlet.doService(DispatcherServlet.java:979) ~[spring-webmvc-6.2.6.jar:6.2.6]
	at org.springframework.web.servlet.FrameworkServlet.processRequest(FrameworkServlet.java:1014) ~[spring-webmvc-6.2.6.jar:6.2.6]
	at org.springframework.web.servlet.FrameworkServlet.doDelete(FrameworkServlet.java:936) ~[spring-webmvc-6.2.6.jar:6.2.6]
	at jakarta.servlet.http.HttpServlet.service(HttpServlet.java:596) ~[tomcat-embed-core-10.1.40.jar:6.0]
	at org.springframework.web.servlet.FrameworkServlet.service(FrameworkServlet.java:885) ~[spring-webmvc-6.2.6.jar:6.2.6]
	at jakarta.servlet.http.HttpServlet.service(HttpServlet.java:658) ~[tomcat-embed-core-10.1.40.jar:6.0]
	at org.apache.catalina.core.ApplicationFilterChain.internalDoFilter(ApplicationFilterChain.java:195) ~[tomcat-embed-core-10.1.40.jar:10.1.40]
	at org.apache.catalina.core.ApplicationFilterChain.doFilter(ApplicationFilterChain.java:140) ~[tomcat-embed-core-10.1.40.jar:10.1.40]
	at org.apache.tomcat.websocket.server.WsFilter.doFilter(WsFilter.java:51) ~[tomcat-embed-websocket-10.1.40.jar:10.1.40]
	at org.apache.catalina.core.ApplicationFilterChain.internalDoFilter(ApplicationFilterChain.java:164) ~[tomcat-embed-core-10.1.40.jar:10.1.40]
	at org.apache.catalina.core.ApplicationFilterChain.doFilter(ApplicationFilterChain.java:140) ~[tomcat-embed-core-10.1.40.jar:10.1.40]
	at org.springframework.web.filter.RequestContextFilter.doFilterInternal(RequestContextFilter.java:100) ~[spring-web-6.2.6.jar:6.2.6]
	at org.springframework.web.filter.OncePerRequestFilter.doFilter(OncePerRequestFilter.java:116) ~[spring-web-6.2.6.jar:6.2.6]
	at org.apache.catalina.core.ApplicationFilterChain.internalDoFilter(ApplicationFilterChain.java:164) ~[tomcat-embed-core-10.1.40.jar:10.1.40]
	at org.apache.catalina.core.ApplicationFilterChain.doFilter(ApplicationFilterChain.java:140) ~[tomcat-embed-core-10.1.40.jar:10.1.40]
	at org.springframework.web.filter.FormContentFilter.doFilterInternal(FormContentFilter.java:93) ~[spring-web-6.2.6.jar:6.2.6]
	at org.springframework.web.filter.OncePerRequestFilter.doFilter(OncePerRequestFilter.java:116) ~[spring-web-6.2.6.jar:6.2.6]
	at org.apache.catalina.core.ApplicationFilterChain.internalDoFilter(ApplicationFilterChain.java:164) ~[tomcat-embed-core-10.1.40.jar:10.1.40]
	at org.apache.catalina.core.ApplicationFilterChain.doFilter(ApplicationFilterChain.java:140) ~[tomcat-embed-core-10.1.40.jar:10.1.40]
	at org.springframework.web.filter.CharacterEncodingFilter.doFilterInternal(CharacterEncodingFilter.java:201) ~[spring-web-6.2.6.jar:6.2.6]
	at org.springframework.web.filter.OncePerRequestFilter.doFilter(OncePerRequestFilter.java:116) ~[spring-web-6.2.6.jar:6.2.6]
	at org.apache.catalina.core.ApplicationFilterChain.internalDoFilter(ApplicationFilterChain.java:164) ~[tomcat-embed-core-10.1.40.jar:10.1.40]
	at org.apache.catalina.core.ApplicationFilterChain.doFilter(ApplicationFilterChain.java:140) ~[tomcat-embed-core-10.1.40.jar:10.1.40]
	at org.apache.catalina.core.StandardWrapperValve.invoke(StandardWrapperValve.java:167) ~[tomcat-embed-core-10.1.40.jar:10.1.40]
	at org.apache.catalina.core.StandardContextValve.invoke(StandardContextValve.java:90) ~[tomcat-embed-core-10.1.40.jar:10.1.40]
	at org.apache.catalina.authenticator.AuthenticatorBase.invoke(AuthenticatorBase.java:483) ~[tomcat-embed-core-10.1.40.jar:10.1.40]
	at org.apache.catalina.core.StandardHostValve.invoke(StandardHostValve.java:116) ~[tomcat-embed-core-10.1.40.jar:10.1.40]
	at org.apache.catalina.valves.ErrorReportValve.invoke(ErrorReportValve.java:93) ~[tomcat-embed-core-10.1.40.jar:10.1.40]
	at org.apache.catalina.core.StandardEngineValve.invoke(StandardEngineValve.java:74) ~[tomcat-embed-core-10.1.40.jar:10.1.40]
	at org.apache.catalina.connector.CoyoteAdapter.service(CoyoteAdapter.java:344) ~[tomcat-embed-core-10.1.40.jar:10.1.40]
	at org.apache.coyote.http11.Http11Processor.service(Http11Processor.java:398) ~[tomcat-embed-core-10.1.40.jar:10.1.40]
	at org.apache.coyote.AbstractProcessorLight.process(AbstractProcessorLight.java:63) ~[tomcat-embed-core-10.1.40.jar:10.1.40]
	at org.apache.coyote.AbstractProtocol$ConnectionHandler.process(AbstractProtocol.java:903) ~[tomcat-embed-core-10.1.40.jar:10.1.40]
	at org.apache.tomcat.util.net.NioEndpoint$SocketProcessor.doRun(NioEndpoint.java:1740) ~[tomcat-embed-core-10.1.40.jar:10.1.40]
	at org.apache.tomcat.util.net.SocketProcessorBase.run(SocketProcessorBase.java:52) ~[tomcat-embed-core-10.1.40.jar:10.1.40]
	at org.apache.tomcat.util.threads.ThreadPoolExecutor.runWorker(ThreadPoolExecutor.java:1189) ~[tomcat-embed-core-10.1.40.jar:10.1.40]
	at org.apache.tomcat.util.threads.ThreadPoolExecutor$Worker.run(ThreadPoolExecutor.java:658) ~[tomcat-embed-core-10.1.40.jar:10.1.40]
	at org.apache.tomcat.util.threads.TaskThread$WrappingRunnable.run(TaskThread.java:63) ~[tomcat-embed-core-10.1.40.jar:10.1.40]
	at java.base/java.lang.Thread.run(Thread.java:1583) ~[na:na]

2025-05-11T06:27:17.940+05:30  INFO 14872 --- [JPArelation] [SpringApplicationShutdownHook] o.s.b.w.e.tomcat.GracefulShutdown        : Commencing graceful shutdown. Waiting for active requests to complete
2025-05-11T06:27:17.952+05:30  INFO 14872 --- [JPArelation] [tomcat-shutdown] o.s.b.w.e.tomcat.GracefulShutdown        : Graceful shutdown complete
2025-05-11T06:27:17.958+05:30  INFO 14872 --- [JPArelation] [SpringApplicationShutdownHook] j.LocalContainerEntityManagerFactoryBean : Closing JPA EntityManagerFactory for persistence unit 'default'
2025-05-11T06:27:17.968+05:30  INFO 14872 --- [JPArelation] [SpringApplicationShutdownHook] com.zaxxer.hikari.HikariDataSource       : HikariPool-1 - Shutdown initiated...
2025-05-11T06:27:17.972+05:30  INFO 14872 --- [JPArelation] [SpringApplicationShutdownHook] com.zaxxer.hikari.HikariDataSource       : HikariPool-1 - Shutdown completed.
